COUNTRY_CODE,SUBNATIONAL1_CODE,SUBNATIONAL1_NAME,LOCAL_ABBREVIATION
AC,AC-,Ashmore and Cartier Islands,
AD,AD-,Andorra,
AD,AD-02,Canillo,02
AD,AD-03,Encamp,03
AD,AD-04,La Massana,04
AD,AD-05,Ordino,05
AD,AD-06,Sant Julià de Lòria,06
AD,AD-07,Andorra la Vella,07
AD,AD-08,Escaldes-Engordany,08
AE,AE-,United Arab Emirates,
AE,AE-AJ,Ajman,AJ
AE,AE-AZ,Abu Dhabi,AZ
AE,AE-DU,Dubai,DU
AE,AE-FU,Fujairah,FU
AE,AE-RK,Ra's al-Khaimah,RK
AE,AE-SH,Sharjah,SH
AE,AE-UQ,Umm al-Qaiwain,UQ
AF,AF-,Afghanistan,
AF,AF-BAL,Balkh,BAL
AF,AF-BAM,Bamian,BAM
AF,AF-BDG,Badghis,BDG
AF,AF-BDS,Badakhshan,BDS
AF,AF-BGL,Baghlan,BGL
AF,AF-DAY,Daykondi,DAY
AF,AF-FRA,Farah,FRA
AF,AF-FYB,Faryab,FYB
AF,AF-GHA,Ghazni,GHA
AF,AF-GHO,Ghowr,GHO
AF,AF-HEL,Helmand,HEL
AF,AF-HER,Herat,HER
AF,AF-JOW,Jowzjan,JOW
AF,AF-KAB,Kabol,KAB
AF,AF-KAN,Kandahar,KAN
AF,AF-KAP,Kapisa,KAP
AF,AF-KDZ,Kondoz,KDZ
AF,AF-KHO,Khowst,KHO
AF,AF-KNR,Konar,KNR
AF,AF-LAG,Laghman,LAG
AF,AF-LOW,Lowgar,LOW
AF,AF-NAN,Nangarhar,NAN
AF,AF-NIM,Nimruz,NIM
AF,AF-NUR,Nurestan,NUR
AF,AF-ORU,Oruzgan,ORU
AF,AF-PAN,Panjshir,PAN
AF,AF-PAR,Parwan,PAR
AF,AF-PIA,Paktia,PIA
AF,AF-PKA,Paktika,PKA
AF,AF-SAM,Samangan,SAM
AF,AF-SAR,Sar-e Pol,SAR
AF,AF-TAK,Takhar,TAK
AF,AF-WAR,Wardak,WAR
AF,AF-ZAB,Zabol,ZAB
AG,AG-,Antigua and Barbuda,
AG,AG-03,Saint George,03
AG,AG-04,Saint John’s,04
AG,AG-05,Saint Mary,05
AG,AG-06,Saint Paul,06
AG,AG-07,Saint Peter,07
AG,AG-08,Saint Philip,08
AG,AG-10,Barbuda,10
AG,AG-11,Redonda,11
AI,AI-,Anguilla,
AL,AL-,Albania,
AL,AL-01,Berat,1
AL,AL-02,Durrës,2
AL,AL-03,Elbasan,3
AL,AL-04,Fier,4
AL,AL-05,Gjirokastër,5
AL,AL-06,Korçë,6
AL,AL-07,Kukës,7
AL,AL-08,Lezhë,8
AL,AL-09,Dibër,9
AL,AL-10,Shkodër,10
AL,AL-11,Tiranë,11
AL,AL-12,Vlorë,12
AM,AM-,Armenia,
AM,AM-AG,Aragatsotn,AG
AM,AM-AR,Ararat,AR
AM,AM-AV,Armavir,AV
AM,AM-ER,Erevan,ER
AM,AM-GR,Gegark'unik',GR
AM,AM-KT,Kotayk',KT
AM,AM-LO,Lorri,LO
AM,AM-SH,Širak,SH
AM,AM-SU,Syunik',SU
AM,AM-TV,Tavuš,TV
AM,AM-VD,Vayoc Jor,VD
AO,AO-,Angola,
AO,AO-BGO,Bengo,BGO
AO,AO-BGU,Benguela,BGU
AO,AO-BIE,Bié,BIE
AO,AO-CAB,Cabinda,CAB
AO,AO-CCU,Cuando-Cubango,CCU
AO,AO-CNN,Cunene,CNN
AO,AO-CNO,Cuanza Norte,CNO
AO,AO-CUS,Cuanza Sul,CUS
AO,AO-HUA,Huambo,HUA
AO,AO-HUI,Huíla,HUI
AO,AO-LNO,Lunda Norte,LNO
AO,AO-LSU,Lunda Sul,LSU
AO,AO-LUA,Luanda,LUA
AO,AO-MAL,Malange,MAL
AO,AO-MOX,Moxico,MOX
AO,AO-NAM,Namibe,NAM
AO,AO-UIG,Uíge,UIG
AO,AO-ZAI,Zaire,ZAI
AQ,AQ-,Antarctica,
AR,AR-,Argentina,
AR,AR-A,Salta,A
AR,AR-B,Buenos Aires,B
AR,AR-C,Ciudad Autónoma de Buenos Aires,C
AR,AR-D,San Luis,D
AR,AR-E,Entre Ríos,E
AR,AR-F,La Rioja,F
AR,AR-G,Santiago del Estero,G
AR,AR-H,Chaco,H
AR,AR-J,San Juan,J
AR,AR-K,Catamarca,K
AR,AR-L,La Pampa,L
AR,AR-M,Mendoza,M
AR,AR-N,Misiones,N
AR,AR-P,Formosa,P
AR,AR-Q,Neuquén,Q
AR,AR-R,Río Negro,R
AR,AR-S,Santa Fe,S
AR,AR-T,Tucumán,T
AR,AR-U,Chubut,U
AR,AR-V,Tierra del Fuego,V
AR,AR-W,Corrientes,W
AR,AR-X,Córdoba,X
AR,AR-Y,Jujuy,Y
AR,AR-Z,Santa Cruz,Z
AS,AS-,American Samoa,
AT,AT-,Austria,
AT,AT-1,Burgenland,1
AT,AT-2,Kärnten,2
AT,AT-3,Niederösterreich,3
AT,AT-4,Oberösterreich,4
AT,AT-5,Salzburg,5
AT,AT-6,Steiermark,6
AT,AT-7,Tirol,7
AT,AT-8,Vorarlberg,8
AT,AT-9,Wien,9
AU,AU-,Australia,
AU,AU-ACT,Australian Capital Territory,ACT
AU,AU-NSW,New South Wales,NSW
AU,AU-NT,Northern Territory,NT
AU,AU-QLD,Queensland,QLD
AU,AU-SA,South Australia,SA
AU,AU-TAS,Tasmania,TAS
AU,AU-VIC,Victoria,VIC
AU,AU-WA,Western Australia,WA
AW,AW-,Aruba,
AZ,AZ-,Azerbaijan,
AZ,AZ-AB,Äli Bayramli,AB
AZ,AZ-ABS,Abseron,ABS
AZ,AZ-AGA,Agstafa,AGA
AZ,AZ-AGC,Agcabädi,AGC
AZ,AZ-AGM,Agdam,AGM
AZ,AZ-AGS,Agdas,AGS
AZ,AZ-AGU,Agsu,AGU
AZ,AZ-AST,Astara,AST
AZ,AZ-BA,Baki,BA
AZ,AZ-BAL,Balakän,BAL
AZ,AZ-BAR,Bärdä,BAR
AZ,AZ-BEY,Beyläqan,BEY
AZ,AZ-BIL,Biläsuvar,BIL
AZ,AZ-CAB,Cäbrayil,CAB
AZ,AZ-CAL,Cälilabab,CAL
AZ,AZ-DAS,Daskäsän,DAS
AZ,AZ-DAV,Däväçi,DAV
AZ,AZ-FUZ,Füzuli,FUZ
AZ,AZ-GA,Gäncä,GA
AZ,AZ-GAD,Gädäbäy,GAD
AZ,AZ-GOR,Goranboy,GOR
AZ,AZ-GOY,Göyçay,GOY
AZ,AZ-HAC,Haciqabul,HAC
AZ,AZ-IMI,Imisli,IMI
AZ,AZ-ISM,Ismayilli,ISM
AZ,AZ-KAL,Kälbäcär,KAL
AZ,AZ-KUR,Kürdämir,KUR
AZ,AZ-LA,Länkäran Municipality,LA
AZ,AZ-LAC,Laçin,LAC
AZ,AZ-LAN,Länkäran,LAN
AZ,AZ-LER,Lerik,LER
AZ,AZ-MAS,Masalli,MAS
AZ,AZ-MI,Mingäçevir,MI
AZ,AZ-NA,Naftalan,NA
AZ,AZ-NEF,Neftçala,NEF
AZ,AZ-NX,Naxçivan,NX
AZ,AZ-OGU,Oguz,OGU
AZ,AZ-QAB,Qäbälä,QAB
AZ,AZ-QAX,Qax,QAX
AZ,AZ-QAZ,Qazax,QAZ
AZ,AZ-QBA,Quba,QBA
AZ,AZ-QBI,Qubadli,QBI
AZ,AZ-QOB,Qobustan,QOB
AZ,AZ-QUS,Qusar,QUS
AZ,AZ-SA,Şəki Municipality,SA
AZ,AZ-SAB,Sabirabad,SAB
AZ,AZ-SAK,Säki,SAK
AZ,AZ-SAL,Salyan,SAL
AZ,AZ-SAT,Saatli,SAT
AZ,AZ-SIY,Siyäzän,SIY
AZ,AZ-SKR,Sämkir,SKR
AZ,AZ-SM,Sumqayit,SM
AZ,AZ-SMI,Samaxi,SMI
AZ,AZ-SMX,Samux,SMX
AZ,AZ-SS,Susa Municipality,SS
AZ,AZ-SUS,Susa,SUS
AZ,AZ-TAR,Tärtär,TAR
AZ,AZ-TOV,Tovuz,TOV
AZ,AZ-UCA,Ucar,UCA
AZ,AZ-XA,Xankändi,XA
AZ,AZ-XAC,Xaçmaz,XAC
AZ,AZ-XAN,Xanlar,XAN
AZ,AZ-XCI,Xocali,XCI
AZ,AZ-XIZ,Xizi,XIZ
AZ,AZ-XVD,Xocavänd,XVD
AZ,AZ-YAR,Yardimli,YAR
AZ,AZ-YE,Yevlax Municipality,YE
AZ,AZ-YEV,Yevlax,YEV
AZ,AZ-ZAN,Zängilan,ZAN
AZ,AZ-ZAQ,Zaqatala,ZAQ
AZ,AZ-ZAR,Zärdab,ZAR
BA,BA-,Bosnia and Herzegovina,
BA,BA-BIH,Federacija Bosna i Hercegovina,BIH
BA,BA-SRP,Republika Srpska,SRP
BB,BB-,Barbados,
BB,BB-01,Christ Church,01
BB,BB-02,Saint Andrew,02
BB,BB-03,Saint George,03
BB,BB-04,Saint James,04
BB,BB-05,Saint John,05
BB,BB-06,Saint Joseph,06
BB,BB-07,Saint Lucy,07
BB,BB-08,Saint Michael,08
BB,BB-09,Saint Peter,09
BB,BB-10,Saint Philip,10
BB,BB-11,Saint Thomas,11
BD,BD-,Bangladesh,
BD,BD-1,Barisal bibhag,1
BD,BD-2,Chittagong bibhag,2
BD,BD-3,Dhaka bibhag,3
BD,BD-4,Khulna bibhag,4
BD,BD-5,Rajshahi bibhag,5
BD,BD-6,Sylhet bibhag,6
BE,BE-,Belgium,
BE,BE-BRU,"Bruxelles-Capitale, Région de",BRU
BE,BE-VLG,Vlaamse Gewest,VLG
BE,BE-WAL,"Wallonne, Région",WAL
BF,BF-,Burkina Faso,
BF,BF-BAL,Balé,BAL
BF,BF-BAM,Bam,BAM
BF,BF-BAN,Banwa,BAN
BF,BF-BAZ,Bazèga,BAZ
BF,BF-BGR,Bougouriba,BGR
BF,BF-BLG,Boulgou,BLG
BF,BF-BLK,Boulkiemdé,BLK
BF,BF-COM,Comoé,COM
BF,BF-GAN,Ganzourgou,GAN
BF,BF-GNA,Gnagna,GNA
BF,BF-GOU,Gourma,GOU
BF,BF-HOU,Houet,HOU
BF,BF-IOB,Ioba,IOB
BF,BF-KAD,Kadiogo,KAD
BF,BF-KEN,Kénédougou,KEN
BF,BF-KMD,Komondjari,KMD
BF,BF-KMP,Kompienga,KMP
BF,BF-KOP,Koulpélogo,KOP
BF,BF-KOS,Kossi,KOS
BF,BF-KOT,Kouritenga,KOT
BF,BF-KOW,Kourwéogo,KOW
BF,BF-LER,Léraba,LER
BF,BF-LOR,Loroum,LOR
BF,BF-MOU,Mouhoun,MOU
BF,BF-NAM,Namentenga,NAM
BF,BF-NAO,Nahouri,NAO
BF,BF-NAY,Nayala,NAY
BF,BF-NOU,Noumbiel,NOU
BF,BF-OUB,Oubritenga,OUB
BF,BF-OUD,Oudalan,OUD
BF,BF-PAS,Passoré,PAS
BF,BF-PON,Poni,PON
BF,BF-SEN,Séno,SEN
BF,BF-SIS,Sissili,SIS
BF,BF-SMT,Sanmatenga,SMT
BF,BF-SNG,Sanguié,SNG
BF,BF-SOM,Soum,SOM
BF,BF-SOR,Sourou,SOR
BF,BF-TAP,Tapoa,TAP
BF,BF-TUI,Tui,TUI
BF,BF-YAG,Yagha,YAG
BF,BF-YAT,Yatenga,YAT
BF,BF-ZIR,Ziro,ZIR
BF,BF-ZON,Zondoma,ZON
BF,BF-ZOU,Zoundwéogo,ZOU
BG,BG-,Bulgaria,
BG,BG-01,Blagoevgrad,01
BG,BG-02,Burgas,02
BG,BG-03,Varna,03
BG,BG-04,Veliko Tarnovo,04
BG,BG-05,Vidin,05
BG,BG-06,Vratsa,06
BG,BG-07,Gabrovo,07
BG,BG-08,Dobrich,08
BG,BG-09,Kardzhali,09
BG,BG-10,Kyustendil,10
BG,BG-11,Lovech,11
BG,BG-12,Montana,12
BG,BG-13,Pazardzhik,13
BG,BG-14,Pernik,14
BG,BG-15,Pleven,15
BG,BG-16,Plovdiv,16
BG,BG-17,Razgrad,17
BG,BG-18,Ruse,18
BG,BG-19,Silistra,19
BG,BG-20,Sliven,20
BG,BG-21,Smolyan,21
BG,BG-22,Sofia-Grad,22
BG,BG-23,Sofia,23
BG,BG-24,Stara Zagora,24
BG,BG-25,Targovishte,25
BG,BG-26,Haskovo,26
BG,BG-27,Shumen,27
BG,BG-28,Yambol,28
BH,BH-,Bahrain,
BH,BH-13,Al Manamah,13
BH,BH-14,Al Janubiyah,14
BH,BH-15,Al Muharraq,15
BH,BH-16,Al Wustá,16
BH,BH-17,Ash Shamaliyah,17
BI,BI-,Burundi,
BI,BI-BB,Bubanza,BB
BI,BI-BJ,Bujumbura,BJ
BI,BI-BR,Bururi,BR
BI,BI-CA,Cankuzo,CA
BI,BI-CI,Cibitoke,CI
BI,BI-GI,Gitega,GI
BI,BI-KI,Kirundo,KI
BI,BI-KR,Karuzi,KR
BI,BI-KY,Kayanza,KY
BI,BI-MA,Makamba,MA
BI,BI-MU,Muramvya,MU
BI,BI-MW,Mwaro,MW
BI,BI-MY,Muyinga,MY
BI,BI-NG,Ngozi,NG
BI,BI-RT,Rutana,RT
BI,BI-RY,Ruyigi,RY
BJ,BJ-,Benin,
BJ,BJ-AK,Atakora,AK
BJ,BJ-AL,Alibori,AL
BJ,BJ-AQ,Atlantique,AQ
BJ,BJ-BO,Borgou,BO
BJ,BJ-CO,Collines,CO
BJ,BJ-DO,Donga,DO
BJ,BJ-KO,Kouffo,KO
BJ,BJ-LI,Littoral,LI
BJ,BJ-MO,Mono,MO
BJ,BJ-OU,Ouémé,OU
BJ,BJ-PL,Plateau,PL
BJ,BJ-ZO,Zou,ZO
BL,BL-,Saint Barthélemy,
BM,BM-,Bermuda,
BN,BN-,Brunei,
BN,BN-BE,Belait,BE
BN,BN-BM,Brunei-Muara,BM
BN,BN-TE,Temburong,TE
BN,BN-TU,Tutong,TU
BO,BO-,Bolivia,
BO,BO-B,El Beni,B
BO,BO-C,Cochabamba,C
BO,BO-H,Chuquisaca,H
BO,BO-L,La Paz,L
BO,BO-N,Pando,N
BO,BO-O,Oruro,O
BO,BO-P,Potosí,P
BO,BO-S,Santa Cruz,S
BO,BO-T,Tarija,T
BQ,BQ-,Caribbean Netherlands,
BQ,BQ-BO,Bonaire,BO
BQ,BQ-SA,Saba,SA
BQ,BQ-SE,Sint Eustatius,SE
BR,BR-,Brazil,
BR,BR-AC,Acre,AC
BR,BR-AL,Alagoas,AL
BR,BR-AM,Amazonas,AM
BR,BR-AP,Amapá,AP
BR,BR-BA,Bahia,BA
BR,BR-CE,Ceará,CE
BR,BR-DF,Distrito Federal,DF
BR,BR-ES,Espírito Santo,ES
BR,BR-GO,Goiás,GO
BR,BR-MA,Maranhão,MA
BR,BR-MG,Minas Gerais,MG
BR,BR-MS,Mato Grosso do Sul,MS
BR,BR-MT,Mato Grosso,MT
BR,BR-PA,Pará,PA
BR,BR-PB,Paraíba,PB
BR,BR-PE,Pernambuco,PE
BR,BR-PI,Piauí,PI
BR,BR-PR,Paraná,PR
BR,BR-RJ,Rio de Janeiro,RJ
BR,BR-RN,Rio Grande do Norte,RN
BR,BR-RO,Rondônia,RO
BR,BR-RR,Roraima,RR
BR,BR-RS,Rio Grande do Sul,RS
BR,BR-SC,Santa Catarina,SC
BR,BR-SE,Sergipe,SE
BR,BR-SP,São Paulo,SP
BR,BR-TO,Tocantins,TO
BS,BS-,Bahamas,
BS,BS-AC,Acklins and Crooked Islands,AC
BS,BS-BI,Bimini,BI
BS,BS-BY,Berry Islands,BY
BS,BS-CI,Cat Island,CI
BS,BS-EX,Exuma and Black Point,EX
BS,BS-FC,Central Andros,FC
BS,BS-FP,Freeport and West Grand Bahama,FP
BS,BS-GH,Central Eleuthera,GH
BS,BS-GT,North Abaco and Grand Cay,GT
BS,BS-HI,"North Eleuthera, Harbour Island and Spanish Wells",HI
BS,BS-HR,East Grand Bahama,HR
BS,BS-IN,Inagua,IN
BS,BS-KB,South Andros and Mangrove Cay,KB
BS,BS-LI,Long Island,LI
BS,BS-MG,Mayaguana,MG
BS,BS-MH,"Central Abaco, Hope Town and Green Turtle Cay",MH
BS,BS-NP,New Providence,NP
BS,BS-NS,North Andros,NS
BS,BS-RI,Ragged Island,RI
BS,BS-RS,South Eleuthera,RS
BS,BS-SP,South Abaco and Moore's Island,SP
BS,BS-SR,San Salvador and Rum Cay,SR
BT,BT-,Bhutan,
BT,BT-11,Paro,11
BT,BT-12,Chhukha,12
BT,BT-13,Ha,13
BT,BT-14,Samtse,14
BT,BT-15,Thimphu,15
BT,BT-21,Tsirang,21
BT,BT-22,Dagana,22
BT,BT-23,Punakha,23
BT,BT-24,Wangdue Phodrang,24
BT,BT-31,Sarpang,31
BT,BT-32,Trongsa,32
BT,BT-33,Bumthang,33
BT,BT-34,Zhemgang,34
BT,BT-41,Trashigang,41
BT,BT-42,Monggar,42
BT,BT-43,Pemagatshel,43
BT,BT-44,Lhuentse,44
BT,BT-45,Samdrup Jongkha,45
BT,BT-GA,Gasa,GA
BT,BT-TY,Trashi Yangtse,TY
BV,BV-,Bouvet Island,
BW,BW-,Botswana,
BW,BW-CE,Central,CE
BW,BW-GH,Ghanzi,GH
BW,BW-KG,Kgalagadi,KG
BW,BW-KL,Kgatleng,KL
BW,BW-KW,Kweneng,KW
BW,BW-NE,North-East,NE
BW,BW-NW,North-West,NW
BW,BW-SE,South-East,SE
BW,BW-SO,Southern,SO
BY,BY-,Belarus,
BY,BY-BR,Brèsckaja voblasc',BR
BY,BY-HO,Homel'skaja voblasc',HO
BY,BY-HR,Hrodzenskaja voblasc',HR
BY,BY-MA,Mahilioúskaja voblasc',MA
BY,BY-MI,Minskaja voblasc',MI
BY,BY-VI,Vicebskaja voblasc',VI
BZ,BZ-,Belize,
BZ,BZ-BZ,Belize,BZ
BZ,BZ-CY,Cayo,CY
BZ,BZ-CZL,Corozal,CZL
BZ,BZ-OW,Orange Walk,OW
BZ,BZ-SC,Stann Creek,SC
BZ,BZ-TOL,Toledo,TOL
CA,CA-,Canada,
CA,CA-AB,Alberta,AB
CA,CA-BC,British Columbia,BC
CA,CA-MB,Manitoba,MB
CA,CA-NB,New Brunswick,NB
CA,CA-NL,Newfoundland and Labrador,NL
CA,CA-NS,Nova Scotia,NS
CA,CA-NT,Northwest Territories,NT
CA,CA-NU,Nunavut,NU
CA,CA-ON,Ontario,ON
CA,CA-PE,Prince Edward Island,PE
CA,CA-QC,Quebec,QC
CA,CA-SK,Saskatchewan,SK
CA,CA-YT,Yukon Territory,YT
CC,CC-,Cocos (Keeling) Islands,
CD,CD-,DR Congo,
CD,CD-BC,Bas-Congo,BC
CD,CD-BN,Bandundu,BN
CD,CD-EQ,Équateur,EQ
CD,CD-KA,Katanga,KA
CD,CD-KE,Kasai-Oriental,KE
CD,CD-KN,Kinshasa,KN
CD,CD-KW,Kasai-Occidental,KW
CD,CD-MA,Maniema,MA
CD,CD-NK,Nord-Kivu,NK
CD,CD-OR,Orientale,OR
CD,CD-SK,Sud-Kivu,SK
CF,CF-,Central African Republic,
CF,CF-AC,Ouham,AC
CF,CF-BB,Bamingui-Bangoran,BB
CF,CF-BGF,Bangui,BGF
CF,CF-BK,Basse-Kotto,BK
CF,CF-HK,Haute-Kotto,HK
CF,CF-HM,Haut-Mbomou,HM
CF,CF-HS,Mambéré-Kadéï,HS
CF,CF-KB,Nana-Grébizi,KB
CF,CF-KG,Kémo,KG
CF,CF-LB,Lobaye,LB
CF,CF-MB,Mbomou,MB
CF,CF-MP,Ombella-Mpoko,MP
CF,CF-NM,Nana-Mambéré,NM
CF,CF-OP,Ouham-Pendé,OP
CF,CF-SE,Sangha-Mbaéré,SE
CF,CF-UK,Ouaka,UK
CF,CF-VK,Vakaga,VK
CG,CG-,Congo,
CG,CG-11,Bouenza,11
CG,CG-12,Pool,12
CG,CG-13,Sangha,13
CG,CG-14,Plateaux,14
CG,CG-15,Cuvette-Ouest,15
CG,CG-2,Lékoumou,2
CG,CG-5,Kouilou,5
CG,CG-7,Likouala,7
CG,CG-8,Cuvette,8
CG,CG-9,Niari,9
CG,CG-BZV,Brazzaville,BZV
CH,CH-,Switzerland,
CH,CH-AG,Aargau,AG
CH,CH-AI,Appenzell Innerrhoden,AI
CH,CH-AR,Appenzell Ausserrhoden,AR
CH,CH-BE,Bern,BE
CH,CH-BL,Basel-Landschaft,BL
CH,CH-BS,Basel-Stadt,BS
CH,CH-FR,Freiburg,FR
CH,CH-GE,Genève,GE
CH,CH-GL,Glarus,GL
CH,CH-GR,Graubünden,GR
CH,CH-JU,Jura,JU
CH,CH-LU,Luzern,LU
CH,CH-NE,Neuchâtel,NE
CH,CH-NW,Nidwalden,NW
CH,CH-OW,Obwalden,OW
CH,CH-SG,Sankt Gallen,SG
CH,CH-SH,Schaffhausen,SH
CH,CH-SO,Solothurn,SO
CH,CH-SZ,Schwyz,SZ
CH,CH-TG,Thurgau,TG
CH,CH-TI,Ticino,TI
CH,CH-UR,Uri,UR
CH,CH-VD,Vaud,VD
CH,CH-VS,Wallis,VS
CH,CH-ZG,Zug,ZG
CH,CH-ZH,Zürich,ZH
CI,CI-,Côte d'Ivoire,
CI,CI-01,Lagunes (Région des),01
CI,CI-02,Haut-Sassandra (Région du),02
CI,CI-03,Savanes (Région des),03
CI,CI-04,Vallée du Bandama (Région de la),04
CI,CI-05,Moyen-Comoé (Région du),05
CI,CI-06,18 Montagnes (Région des),06
CI,CI-07,Lacs (Région des),07
CI,CI-08,Zanzan (Région du),08
CI,CI-09,Bas-Sassandra (Région du),09
CI,CI-10,Denguélé (Région du),10
CI,CI-11,Nzi-Comoé (Région),11
CI,CI-12,Marahoué (Région de la),12
CI,CI-13,Sud-Comoé (Région du),13
CI,CI-14,Worodougou (Région du),14
CI,CI-15,Sud-Bandama (Région du),15
CI,CI-16,Agnébi (Région de l'),16
CI,CI-17,Bafing (Région du),17
CI,CI-18,Fromager (Région du),18
CI,CI-19,Moyen-Cavally (Région du),19
CK,CK-,Cook Islands,
CL,CL-,Chile,
CL,CL-AI,Aisén del General Carlos Ibáñez del Campo,AI
CL,CL-AN,Antofagasta,AN
CL,CL-AP,Arica y Parinacota,AP
CL,CL-AR,Araucanía,AR
CL,CL-AT,Atacama,AT
CL,CL-BI,Bío-Bío,BI
CL,CL-CO,Coquimbo,CO
CL,CL-LI,Libertador General Bernardo O'Higgins,LI
CL,CL-LL,Los Lagos,LL
CL,CL-LR,Los Ríos,LR
CL,CL-MA,Magallanes,MA
CL,CL-ML,Maule,ML
CL,CL-RM,Región Metropolitana de Santiago,RM
CL,CL-TA,Tarapacá,TA
CL,CL-VS,Valparaíso,VS
CM,CM-,Cameroon,
CM,CM-AD,Adamaoua,AD
CM,CM-CE,Centre,CE
CM,CM-EN,Far North,EN
CM,CM-ES,East,ES
CM,CM-LT,Littoral,LT
CM,CM-NO,North,NO
CM,CM-NW,North-West,NW
CM,CM-OU,West,OU
CM,CM-SU,South,SU
CM,CM-SW,South-West,SW
CN,CN-,China,
CN,CN-11,Beijing,11
CN,CN-12,Tianjin,12
CN,CN-13,Hebei,13
CN,CN-14,Shanxi,14
CN,CN-15,Nei Mongol,15
CN,CN-21,Liaoning,21
CN,CN-22,Jilin,22
CN,CN-23,Heilongjiang,23
CN,CN-31,Shanghai,31
CN,CN-32,Jiangsu,32
CN,CN-33,Zhejiang,33
CN,CN-34,Anhui,34
CN,CN-35,Fujian,35
CN,CN-36,Jiangxi,36
CN,CN-37,Shandong,37
CN,CN-41,Henan,41
CN,CN-42,Hubei,42
CN,CN-43,Hunan,43
CN,CN-44,Guangdong,44
CN,CN-45,Guangxi,45
CN,CN-46,Hainan,46
CN,CN-50,Chongqing,50
CN,CN-51,Sichuan,51
CN,CN-52,Guizhou,52
CN,CN-53,Yunnan,53
CN,CN-54,Xizang,54
CN,CN-61,Shaanxi,61
CN,CN-62,Gansu,62
CN,CN-63,Qinghai,63
CN,CN-64,Ningxia,64
CN,CN-65,Xinjiang,65
CO,CO-,Colombia,
CO,CO-AMA,Amazonas,AMA
CO,CO-ANT,Antioquia,ANT
CO,CO-ARA,Arauca,ARA
CO,CO-ATL,Atlántico,ATL
CO,CO-BOL,Bolívar,BOL
CO,CO-BOY,Boyacá,BOY
CO,CO-CAL,Caldas,CAL
CO,CO-CAQ,Caquetá,CAQ
CO,CO-CAS,Casanare,CAS
CO,CO-CAU,Cauca,CAU
CO,CO-CES,Cesar,CES
CO,CO-CHO,Chocó,CHO
CO,CO-COR,Córdoba,COR
CO,CO-CUN,Cundinamarca,CUN
CO,CO-DC,Distrito Capital de Bogotá,DC
CO,CO-GUA,Guainía,GUA
CO,CO-GUV,Guaviare,GUV
CO,CO-HUI,Huila,HUI
CO,CO-LAG,La Guajira,LAG
CO,CO-MAG,Magdalena,MAG
CO,CO-MET,Meta,MET
CO,CO-NAR,Nariño,NAR
CO,CO-NSA,Norte de Santander,NSA
CO,CO-PUT,Putumayo,PUT
CO,CO-QUI,Quindío,QUI
CO,CO-RIS,Risaralda,RIS
CO,CO-SAN,Santander,SAN
CO,CO-SAP,"San Andrés, Providencia y Santa Catalina",SAP
CO,CO-SUC,Sucre,SUC
CO,CO-TOL,Tolima,TOL
CO,CO-VAC,Valle del Cauca,VAC
CO,CO-VAU,Vaupés,VAU
CO,CO-VID,Vichada,VID
CP,CP-,Clipperton Island,
CR,CR-,Costa Rica,
CR,CR-A,Alajuela,A
CR,CR-C,Cartago,C
CR,CR-G,Guanacaste,G
CR,CR-H,Heredia,H
CR,CR-L,Limón,L
CR,CR-P,Puntarenas,P
CR,CR-SJ,San José,SJ
CS,CS-,Coral Sea Islands,
CU,CU-,Cuba,
CU,CU-01,Pinar del Río,PR
CU,CU-03,La Habana,CH
CU,CU-04,Matanzas,MA
CU,CU-05,Villa Clara,VC
CU,CU-06,Cienfuegos,CF
CU,CU-07,Sancti Spíritus,SS
CU,CU-08,Ciego de Ávila,CA
CU,CU-09,Camagüey,CM
CU,CU-10,Las Tunas,LT
CU,CU-11,Holguín,HO
CU,CU-12,Granma,GR
CU,CU-13,Santiago de Cuba,SC
CU,CU-14,Guantánamo,GU
CU,CU-15,Artemisa,AR
CU,CU-16,Mayabeque,MA
CU,CU-99,Isla de la Juventud,IJ
CV,CV-,Cape Verde,
CV,CV-B,Ilhas de Barlavento,B
CV,CV-S,Ilhas de Sotavento,S
CW,CW-,Curaçao,
CX,CX-,Christmas Island,
CY,CY-,Cyprus,
CY,CY-01,Lefkosia,01
CY,CY-02,Lemesos,02
CY,CY-03,Larnaka,03
CY,CY-04,Ammochostos,04
CY,CY-05,Pafos,05
CY,CY-06,Keryneia,06
CZ,CZ-,Czech Republic,
CZ,CZ-JC,Jihoceský kraj,JC
CZ,CZ-JM,Jihomoravský kraj,JM
CZ,CZ-KA,Karlovarský kraj,KA
CZ,CZ-KR,Královéhradecký kraj,KR
CZ,CZ-LI,Liberecký kraj,LI
CZ,CZ-MO,Moravskoslezský kraj,MO
CZ,CZ-OL,Olomoucký kraj,OL
CZ,CZ-PA,Pardubický kraj,PA
CZ,CZ-PL,Plzenský kraj,PL
CZ,CZ-PR,"Praha, hlavní mešto",PR
CZ,CZ-ST,Stredoceský kraj,ST
CZ,CZ-US,Ústecký kraj,US
CZ,CZ-VY,Vysocina,VY
CZ,CZ-ZL,Zlínský kraj,ZL
DE,DE-,Germany,
DE,DE-BB,Brandenburg,BB
DE,DE-BE,Berlin,BE
DE,DE-BW,Baden-Württemberg,BW
DE,DE-BY,Bayern,BY
DE,DE-HB,Bremen,HB
DE,DE-HE,Hessen,HE
DE,DE-HH,Hamburg,HH
DE,DE-MV,Mecklenburg-Vorpommern,MV
DE,DE-NI,Niedersachsen,NI
DE,DE-NW,Nordrhein-Westfalen,NW
DE,DE-RP,Rheinland-Pfalz,RP
DE,DE-SH,Schleswig-Holstein,SH
DE,DE-SL,Saarland,SL
DE,DE-SN,Sachsen,SN
DE,DE-ST,Sachsen-Anhalt,ST
DE,DE-TH,Thüringen,TH
DJ,DJ-,Djibouti,
DJ,DJ-AR,Arta,AR
DJ,DJ-AS,Ali Sabieh,AS
DJ,DJ-DI,Dikhil,DI
DJ,DJ-DJ,Djibouti,DJ
DJ,DJ-OB,Obock,OB
DJ,DJ-TA,Tadjourah,TA
DK,DK-,Denmark,
DK,DK-81,Region Nordjylland,81
DK,DK-82,Region Midtjylland,82
DK,DK-83,Region Syddanmark,83
DK,DK-84,Region Hovedstaden,84
DK,DK-85,Region Sjælland,85
DM,DM-,Dominica,
DM,DM-02,Saint Andrew,02
DM,DM-03,Saint David,03
DM,DM-04,Saint George,04
DM,DM-05,Saint John,05
DM,DM-06,Saint Joseph,06
DM,DM-07,Saint Luke,07
DM,DM-08,Saint Mark,08
DM,DM-09,Saint Patrick,09
DM,DM-10,Saint Paul,10
DM,DM-11,Saint Peter,11
DO,DO-,Dominican Republic,
DO,DO-01,Distrito Nacional (Santo Domingo),DN
DO,DO-02,Azua,AZ
DO,DO-03,Bahoruco,BR
DO,DO-04,Barahona,BH
DO,DO-05,Dajabón,DA
DO,DO-06,Duarte,DU
DO,DO-07,La Estrelleta,EP
DO,DO-08,El Seybo,SE
DO,DO-09,Espaillat,ES
DO,DO-10,Independencia,IN
DO,DO-11,La Altagracia,AL
DO,DO-12,La Romana,RO
DO,DO-13,La Vega,VE
DO,DO-14,María Trinidad Sánchez,MT
DO,DO-15,Monte Cristi,MC
DO,DO-16,Pedernales,PN
DO,DO-17,Peravia,PR
DO,DO-18,Puerto Plata,PP
DO,DO-19,Salcedo,SC
DO,DO-20,Samaná,SM
DO,DO-21,San Cristóbal,CR
DO,DO-22,San Juan,JU
DO,DO-23,San Pedro de Macorís,PM
DO,DO-24,Sánchez Ramírez,SZ
DO,DO-25,Santiago,ST
DO,DO-26,Santiago Rodríguez,SR
DO,DO-27,Valverde,VA
DO,DO-28,Monseñor Nouel,MN
DO,DO-29,Monte Plata,MP
DO,DO-30,Hato Mayor,HM
DO,DO-31,San José de Ocoa,31
DO,DO-32,Santo Domingo,32
DZ,DZ-,Algeria,
DZ,DZ-01,Adrar,01
DZ,DZ-02,Chlef,02
DZ,DZ-03,Laghouat,03
DZ,DZ-04,Oum el Bouaghi,04
DZ,DZ-05,Batna,05
DZ,DZ-06,Béjaïa,06
DZ,DZ-07,Biskra,07
DZ,DZ-08,Béchar,08
DZ,DZ-09,Blida,09
DZ,DZ-10,Bouira,10
DZ,DZ-11,Tamanghasset,11
DZ,DZ-12,Tébessa,12
DZ,DZ-13,Tlemcen,13
DZ,DZ-14,Tiaret,14
DZ,DZ-15,Tizi Ouzou,15
DZ,DZ-16,Alger,16
DZ,DZ-17,Djelfa,17
DZ,DZ-18,Jijel,18
DZ,DZ-19,Sétif,19
DZ,DZ-20,Saïda,20
DZ,DZ-21,Skikda,21
DZ,DZ-22,Sidi Bel Abbès,22
DZ,DZ-23,Annaba,23
DZ,DZ-24,Guelma,24
DZ,DZ-25,Constantine,25
DZ,DZ-26,Médéa,26
DZ,DZ-27,Mostaganem,27
DZ,DZ-28,Msila,28
DZ,DZ-29,Mascara,29
DZ,DZ-30,Ouargla,30
DZ,DZ-31,Oran,31
DZ,DZ-32,El Bayadh,32
DZ,DZ-33,Illizi,33
DZ,DZ-34,Bordj Bou Arréridj,34
DZ,DZ-35,Boumerdès,35
DZ,DZ-36,El Tarf,36
DZ,DZ-37,Tindouf,37
DZ,DZ-38,Tissemsilt,38
DZ,DZ-39,El Oued,39
DZ,DZ-40,Khenchela,40
DZ,DZ-41,Souk Ahras,41
DZ,DZ-42,Tipaza,42
DZ,DZ-43,Mila,43
DZ,DZ-44,Aïn Defla,44
DZ,DZ-45,Naama,45
DZ,DZ-46,Aïn Témouchent,46
DZ,DZ-47,Ghardaïa,47
DZ,DZ-48,Relizane,48
EC,EC-,Ecuador,
EC,EC-A,Azuay,A
EC,EC-B,Bolívar,B
EC,EC-C,Carchi,C
EC,EC-D,Orellana,D
EC,EC-E,Esmeraldas,E
EC,EC-F,Cañar,F
EC,EC-G,Guayas,G
EC,EC-H,Chimborazo,H
EC,EC-I,Imbabura,I
EC,EC-L,Loja,L
EC,EC-M,Manabí,M
EC,EC-N,Napo,N
EC,EC-O,El Oro,O
EC,EC-P,Pichincha,P
EC,EC-R,Los Ríos,R
EC,EC-S,Morona-Santiago,S
EC,EC-SD,Santo Domingo de los Tsáchilas,SD
EC,EC-SE,Santa Elena,SE
EC,EC-T,Tungurahua,T
EC,EC-U,Sucumbíos,U
EC,EC-W,Galápagos,W
EC,EC-X,Cotopaxi,X
EC,EC-Y,Pastaza,Y
EC,EC-Z,Zamora-Chinchipe,Z
EE,EE-,Estonia,
EE,EE-37,Harjumaa,37
EE,EE-39,Hiiumaa,39
EE,EE-44,Ida-Virumaa,44
EE,EE-49,Jõgevamaa,49
EE,EE-51,Järvamaa,51
EE,EE-57,Läänemaa,57
EE,EE-59,Lääne-Virumaa,59
EE,EE-65,Põlvamaa,65
EE,EE-67,Pärnumaa,67
EE,EE-70,Raplamaa,70
EE,EE-74,Saaremaa,74
EE,EE-78,Tartumaa,78
EE,EE-82,Valgamaa,82
EE,EE-84,Viljandimaa,84
EE,EE-86,Võrumaa,86
EG,EG-,Egypt,
EG,EG-ALX,Al Iskandariyah,ALX
EG,EG-ASN,Aswan,ASN
EG,EG-AST,Asyut,AST
EG,EG-BA,Al Bahr al Ahmar,BA
EG,EG-BH,Al Buhayrah,BH
EG,EG-BNS,Bani Suwayf,BNS
EG,EG-C,Al Qahirah,C
EG,EG-DK,Ad Daqahliyah,DK
EG,EG-DT,Dumyat,DT
EG,EG-FYM,Al Fayyum,FYM
EG,EG-GH,Al Gharbiyah,GH
EG,EG-GZ,Al Jizah,GZ
EG,EG-IS,Al Isma‘iliyah,IS
EG,EG-JS,Janub Sina',JS
EG,EG-KB,Al Qalyubiyah,KB
EG,EG-KFS,Kafr ash Shaykh,KFS
EG,EG-KN,Qina,KN
EG,EG-LX,Al Uqsur,LX
EG,EG-MN,Al Minya,MN
EG,EG-MNF,Al Minufiyah,MNF
EG,EG-MT,Matruh,MT
EG,EG-PTS,Bur Sa‘id,PTS
EG,EG-SHG,Suhaj,SHG
EG,EG-SHR,Ash Sharqiyah,SHR
EG,EG-SIN,Shamal Sina',SIN
EG,EG-SUZ,As Suways,SUZ
EG,EG-WAD,Al Wadi al Jadid,WAD
EH,EH-,Western Sahara,
ER,ER-,Eritrea,
ER,ER-AN,Anseba,AN
ER,ER-DK,Debubawi Keyih Bahri,DK
ER,ER-DU,Debub,DU
ER,ER-GB,Gash-Barka,GB
ER,ER-MA,Maakel,MA
ER,ER-SK,Semien-Keih-Bahri,SK
ES,ES-,Spain,
ES,ES-AN,Andalucía,AN
ES,ES-AR,Aragón,AR
ES,ES-AS,"Asturias, Principado de",AS
ES,ES-CB,Cantabria,CB
ES,ES-CE,Ceuta,CE
ES,ES-CL,Castilla y León,CL
ES,ES-CM,Castilla-La Mancha,CM
ES,ES-CN,Canarias,CN
ES,ES-CT,Cataluña,CT
ES,ES-EX,Extremadura,EX
ES,ES-GA,Galicia,GA
ES,ES-IB,Illes Baleares,IB
ES,ES-MC,"Murcia, Región de",MC
ES,ES-MD,"Madrid, Comunidad de",MD
ES,ES-ML,Melilla,ML
ES,ES-NC,"Navarra, Comunidad Foral de",NC
ES,ES-PV,País Vasco,PV
ES,ES-RI,La Rioja,RI
ES,ES-VC,"Valenciana, Comunidad",VC
ET,ET-,Ethiopia,
ET,ET-AA,Addis Ababa,AA
ET,ET-AF,Afar,AF
ET,ET-AM,Amara,AM
ET,ET-BE,Benshangul-Gumaz,BE
ET,ET-DD,Dire Dawa,DD
ET,ET-GA,Gambela Peoples,GA
ET,ET-HA,Harari People,HA
ET,ET-OR,Oromia,OR
ET,ET-SN,"Southern Nations, Nationalities and Peoples",SN
ET,ET-SO,Somali,SO
ET,ET-TI,Tigrai,TI
FI,FI-,Finland,
FI,FI-01,Åland,01
FI,FI-02,South Karelia,02
FI,FI-03,Southern Ostrobothnia,03
FI,FI-04,Southern Savonia,04
FI,FI-05,Kainuu,05
FI,FI-06,Tavastia Proper,06
FI,FI-07,Central Ostrobothnia,07
FI,FI-08,Central Finland,08
FI,FI-09,Kymenlaakso,09
FI,FI-10,Lapland,10
FI,FI-11,Pirkanmaa,11
FI,FI-12,Ostrobothnia,12
FI,FI-13,North Karelia,13
FI,FI-14,Northern Ostrobothnia,14
FI,FI-15,Northern Savonia,15
FI,FI-16,Päijänne Tavastia,16
FI,FI-17,Satakunta,17
FI,FI-18,Uusimaa,18
FI,FI-19,Southwest Finland,19
FJ,FJ-,Fiji,
FJ,FJ-C,Central,C
FJ,FJ-E,Eastern,E
FJ,FJ-N,Northern,N
FJ,FJ-R,Rotuma,R
FJ,FJ-W,Western,W
FK,FK-,Falkland Islands (Malvinas),
FM,FM-,Micronesia,
FM,FM-KSA,Kosrae,KSA
FM,FM-PNI,Pohnpei,PNI
FM,FM-TRK,Chuuk,TRK
FM,FM-YAP,Yap,YAP
FO,FO-,Faroe Islands,
FR,FR-,France,
FR,FR-A,Alsace,A
FR,FR-B,Aquitaine,B
FR,FR-C,Auvergne,C
FR,FR-D,Bourgogne,D
FR,FR-E,Bretagne,E
FR,FR-F,Centre,F
FR,FR-G,Champagne-Ardenne,G
FR,FR-H,Corse,H
FR,FR-I,Franche-Comté,I
FR,FR-J,Île-de-France,J
FR,FR-K,Languedoc-Roussillon,K
FR,FR-L,Limousin,L
FR,FR-M,Lorraine,M
FR,FR-N,Midi-Pyrénées,N
FR,FR-O,Nord-Pas-de-Calais,O
FR,FR-P,Basse-Normandie,P
FR,FR-Q,Haute-Normandie,Q
FR,FR-R,Pays-de-la-Loire,R
FR,FR-S,Picardie,S
FR,FR-T,Poitou-Charentes,T
FR,FR-U,Provence-Alpes-Côte-d'Azur,U
FR,FR-V,Rhône-Alpes,V
GA,GA-,Gabon,
GA,GA-1,Estuaire,1
GA,GA-2,Haut-Ogooué,2
GA,GA-3,Moyen-Ogooué,3
GA,GA-4,Ngounié,4
GA,GA-5,Nyanga,5
GA,GA-6,Ogooué-Ivindo,6
GA,GA-7,Ogooué-Lolo,7
GA,GA-8,Ogooué-Maritime,8
GA,GA-9,Woleu-Ntem,9
GB,GB-,United Kingdom,
GB,GB-ENG,England,ENG
GB,GB-NIR,Northern Ireland,NIR
GB,GB-SCT,Scotland,SCT
GB,GB-WLS,Wales,WLS
GD,GD-,Grenada,
GD,GD-01,Saint Andrew,01
GD,GD-02,Saint David,02
GD,GD-03,Saint George,03
GD,GD-04,Saint John,04
GD,GD-05,Saint Mark,05
GD,GD-06,Saint Patrick,06
GD,GD-10,Southern Grenadine Islands,10
GE,GE-,Georgia,
GE,GE-AB,Abkhazia,AB
GE,GE-AJ,Ajaria,AJ
GE,GE-GU,Guria,GU
GE,GE-IM,Imeret'i,IM
GE,GE-KA,Kakhet'i,KA
GE,GE-KK,K'vemo K'art'li,KK
GE,GE-MM,Mts'khet'a-Mt'ianet'i,MM
GE,GE-RL,Racha-Lech'khumi-K'vemo Svanet'i,RL
GE,GE-SJ,Samts'khe-Javakhet'i,SJ
GE,GE-SK,Shida K'art'li,SK
GE,GE-SZ,Samegrelo-Zemo Svanet'i,SZ
GE,GE-TB,T'bilisi,TB
GF,GF-,French Guiana,
GG,GG-,Guernsey,
GH,GH-,Ghana,
GH,GH-AA,Greater Accra,AA
GH,GH-AH,Ashanti,AH
GH,GH-BA,Brong-Ahafo,BA
GH,GH-CP,Central,CP
GH,GH-EP,Eastern,EP
GH,GH-NP,Northern,NP
GH,GH-TV,Volta,TV
GH,GH-UE,Upper East,UE
GH,GH-UW,Upper West,UW
GH,GH-WP,Western,WP
GI,GI-,Gibraltar,
GL,GL-,Greenland,
GM,GM-,Gambia,
GM,GM-B,Banjul,B
GM,GM-L,Lower River,L
GM,GM-M,Central River,M
GM,GM-N,North Bank,N
GM,GM-U,Upper River,U
GM,GM-W,Western,W
GN,GN-,Guinea,
GN,GN-B,"Boké, Gouvernorat de",B
GN,GN-C,Conakry,C
GN,GN-D,"Kindia, Gouvernorat de",D
GN,GN-F,"Faranah, Gouvernorat de",F
GN,GN-K,"Kankan, Gouvernorat de",K
GN,GN-L,"Labé, Gouvernorat de",L
GN,GN-M,"Mamou, Gouvernorat de",M
GN,GN-N,"Nzérékoré, Gouvernorat de",N
GP,GP-,Guadeloupe,
GQ,GQ-,Equatorial Guinea,
GQ,GQ-C,Región Continental,C
GQ,GQ-I,Región Insular,I
GR,GR-,Greece,
GR,GR-69,Agio Oros,69
GR,GR-A,Anatoliki Makedonia kai Thraki,A
GR,GR-B,Kentriki Makedonia,B
GR,GR-C,Dytiki Makedonia,C
GR,GR-D,Ipeiros,D
GR,GR-E,Thessalia,E
GR,GR-F,Ionioi Nisoi,F
GR,GR-G,Dytiki Ellada,G
GR,GR-H,Sterea Ellada,H
GR,GR-I,Attiki,I
GR,GR-J,Peloponnisos,J
GR,GR-K,Voreio Aigaio,K
GR,GR-L,Notio Aigaio,L
GR,GR-M,Kriti,M
GS,GS-,South Georgia and South Sandwich Islands,
GT,GT-,Guatemala,
GT,GT-AV,Alta Verapaz,AV
GT,GT-BV,Baja Verapaz,BV
GT,GT-CM,Chimaltenango,CM
GT,GT-CQ,Chiquimula,CQ
GT,GT-ES,Escuintla,ES
GT,GT-GU,Guatemala,GU
GT,GT-HU,Huehuetenango,HU
GT,GT-IZ,Izabal,IZ
GT,GT-JA,Jalapa,JA
GT,GT-JU,Jutiapa,JU
GT,GT-PE,Petén,PE
GT,GT-PR,El Progreso,PR
GT,GT-QC,Quiché,QC
GT,GT-QZ,Quetzaltenango,QZ
GT,GT-RE,Retalhuleu,RE
GT,GT-SA,Sacatepéquez,SA
GT,GT-SM,San Marcos,SM
GT,GT-SO,Sololá,SO
GT,GT-SR,Santa Rosa,SR
GT,GT-SU,Suchitepéquez,SU
GT,GT-TO,Totonicapán,TO
GT,GT-ZA,Zacapa,ZA
GU,GU-,Guam,
GW,GW-,Guinea-Bissau,
GW,GW-BS,Bissau,BS
GW,GW-L,Leste,L
GW,GW-N,Norte,N
GW,GW-S,Sul,S
GY,GY-,Guyana,
GY,GY-BA,Barima-Waini,BA
GY,GY-CU,Cuyuni-Mazaruni,CU
GY,GY-DE,Demerara-Mahaica,DE
GY,GY-EB,East Berbice-Corentyne,EB
GY,GY-ES,Essequibo Islands-West Demerara,ES
GY,GY-MA,Mahaica-Berbice,MA
GY,GY-PM,Pomeroon-Supenaam,PM
GY,GY-PT,Potaro-Siparuni,PT
GY,GY-UD,Upper Demerara-Berbice,UD
GY,GY-UT,Upper Takutu-Upper Essequibo,UT
HK,HK-,Hong Kong,
HM,HM-,Heard Island and McDonald Islands,
HN,HN-,Honduras,
HN,HN-AT,Atlántida,AT
HN,HN-CH,Choluteca,CH
HN,HN-CL,Colón,CL
HN,HN-CM,Comayagua,CM
HN,HN-CP,Copán,CP
HN,HN-CR,Cortés,CR
HN,HN-EP,El Paraíso,EP
HN,HN-FM,Francisco Morazán,FM
HN,HN-GD,Gracias a Dios,GD
HN,HN-IB,Islas de la Bahía,IB
HN,HN-IN,Intibucá,IN
HN,HN-LE,Lempira,LE
HN,HN-LP,La Paz,LP
HN,HN-OC,Ocotepeque,OC
HN,HN-OL,Olancho,OL
HN,HN-SB,Santa Bárbara,SB
HN,HN-VA,Valle,VA
HN,HN-YO,Yoro,YO
HR,HR-,Croatia,
HR,HR-01,Zagrebacka županija,01
HR,HR-02,Krapinsko-zagorska županija,02
HR,HR-03,Sisacko-moslavacka županija,03
HR,HR-04,Karlovacka županija,04
HR,HR-05,Varaždinska županija,05
HR,HR-06,Koprivnicko-križevacka županija,06
HR,HR-07,Bjelovarsko-bilogorska županija,07
HR,HR-08,Primorsko-goranska županija,08
HR,HR-09,Licko-senjska županija,09
HR,HR-10,Viroviticko-podravska županija,10
HR,HR-11,Požeško-slavonska županija,11
HR,HR-12,Brodsko-posavska županija,12
HR,HR-13,Zadarska županija,13
HR,HR-14,Osjecko-baranjska županija,14
HR,HR-15,Šibensko-kninska županija,15
HR,HR-16,Vukovarsko-srijemska županija,16
HR,HR-17,Splitsko-dalmatinska županija,17
HR,HR-18,Istarska županija,18
HR,HR-19,Dubrovacko-neretvanska županija,19
HR,HR-20,Medimurska županija,20
HR,HR-21,Grad Zagreb,21
HT,HT-,Haiti,
HT,HT-AR,Artibonite,AR
HT,HT-CE,Centre,CE
HT,HT-GA,Grande-Anse,GA
HT,HT-ND,Nord,ND
HT,HT-NE,Nord-Est,NE
HT,HT-NI,Nippes,NI
HT,HT-NO,Nord-Ouest,NO
HT,HT-OU,Ouest,OU
HT,HT-SD,Sud,SD
HT,HT-SE,Sud-Est,SE
HU,HU-,Hungary,
HU,HU-BA,Baranya,BA
HU,HU-BC,Békéscsaba,BC
HU,HU-BE,Békés,BE
HU,HU-BK,Bács-Kiskun,BK
HU,HU-BU,Budapest,BU
HU,HU-BZ,Borsod-Abaúj-Zemplén,BZ
HU,HU-CS,Csongrád,CS
HU,HU-DE,Debrecen,DE
HU,HU-DU,Dunaújváros,DU
HU,HU-EG,Eger,EG
HU,HU-FE,Fejér,FE
HU,HU-GS,Gyor-Moson-Sopron,GS
HU,HU-GY,Gyor,GY
HU,HU-HB,Hajdú-Bihar,HB
HU,HU-HE,Heves,HE
HU,HU-HV,Hódmezovásárhely,HV
HU,HU-JN,Jász-Nagykun-Szolnok,JN
HU,HU-KE,Komárom-Esztergom,KE
HU,HU-KM,Kecskemét,KM
HU,HU-KV,Kaposvár,KV
HU,HU-MI,Miskolc,MI
HU,HU-NK,Nagykanizsa,NK
HU,HU-NO,Nógrád,NO
HU,HU-NY,Nyíregyháza,NY
HU,HU-PE,Pest,PE
HU,HU-PS,Pécs,PS
HU,HU-SD,Szeged,SD
HU,HU-SF,Székesfehérvár,SF
HU,HU-SH,Szombathely,SH
HU,HU-SK,Szolnok,SK
HU,HU-SN,Sopron,SN
HU,HU-SO,Somogy,SO
HU,HU-SS,Szekszárd,SS
HU,HU-ST,Salgótarján,ST
HU,HU-SZ,Szabolcs-Szatmár-Bereg,SZ
HU,HU-TB,Tatabánya,TB
HU,HU-TO,Tolna,TO
HU,HU-VA,Vas,VA
HU,HU-VE,Veszprém,VE
HU,HU-VM,Veszprém City,VM
HU,HU-ZA,Zala,ZA
HU,HU-ZE,Zalaegerszeg,ZE
ID,ID-,Indonesia,
ID,ID-IJ,Papua,IJ
ID,ID-JW,Jawa,JW
ID,ID-KA,Kalimantan,KA
ID,ID-MA,Maluku,MA
ID,ID-NU,Nusa Tenggara,NU
ID,ID-SL,Sulawesi,SL
ID,ID-SM,Sumatera,SM
IE,IE-,Ireland,
IE,IE-C,Connaught,C
IE,IE-L,Leinster,L
IE,IE-M,Munster,M
IE,IE-U,Ulster,U
IL,IL-,Israel,
IL,IL-D,HaDarom,D
IL,IL-HA,Haifa,HA
IL,IL-JM,Yerushalayim,JM
IL,IL-M,HaMerkaz,M
IL,IL-TA,Tel-Aviv,TA
IL,IL-Z,HaZafon,Z
IM,IM-,Isle of Man,
IN,IN-,India,
IN,IN-AN,Andaman and Nicobar Islands,AN
IN,IN-AP,Andhra Pradesh,AP
IN,IN-AR,Arunachal Pradesh,AR
IN,IN-AS,Assam,AS
IN,IN-BR,Bihar,BR
IN,IN-CH,Chandigarh,CH
IN,IN-CT,Chhattisgarh,CT
IN,IN-DD,Daman and Diu,DD
IN,IN-DL,Delhi,DL
IN,IN-DN,Dadra and Nagar Haveli,DN
IN,IN-GA,Goa,GA
IN,IN-GJ,Gujarat,GJ
IN,IN-HP,Himachal Pradesh,HP
IN,IN-HR,Haryana,HR
IN,IN-JH,Jharkhand,JH
IN,IN-JK,Jammu and Kashmir,JK
IN,IN-KA,Karnataka,KA
IN,IN-KL,Kerala,KL
IN,IN-LD,Lakshadweep,LD
IN,IN-MH,Maharashtra,MH
IN,IN-ML,Meghalaya,ML
IN,IN-MN,Manipur,MN
IN,IN-MP,Madhya Pradesh,MP
IN,IN-MZ,Mizoram,MZ
IN,IN-NL,Nagaland,NL
IN,IN-OR,Odisha,OR
IN,IN-PB,Punjab,PB
IN,IN-PY,Puducherry,PY
IN,IN-RJ,Rajasthan,RJ
IN,IN-SK,Sikkim,SK
IN,IN-TN,Tamil Nadu,TN
IN,IN-TR,Tripura,TR
IN,IN-TS,Telangana,TS
IN,IN-UL,Uttarakhand,UL
IN,IN-UP,Uttar Pradesh,UP
IN,IN-WB,West Bengal,WB
IO,IO-,British Indian Ocean Territory,
IQ,IQ-,Iraq,
IQ,IQ-AN,Al Anbar,AN
IQ,IQ-AR,Arbil,AR
IQ,IQ-BA,Al Basrah,BA
IQ,IQ-BB,Babil,BB
IQ,IQ-BG,Baghdad,BG
IQ,IQ-DA,Dahuk,DA
IQ,IQ-DI,Diyalá,DI
IQ,IQ-DQ,Dhi Qar,DQ
IQ,IQ-KA,Karbala',KA
IQ,IQ-MA,Maysan,MA
IQ,IQ-MU,Al Muthanná,MU
IQ,IQ-NA,An Najaf,NA
IQ,IQ-NI,Ninawá,NI
IQ,IQ-QA,Al Qadisiyah,QA
IQ,IQ-SD,Salah ad Din,SD
IQ,IQ-SU,As Sulaymaniyah,SU
IQ,IQ-TS,At Ta'mim,TS
IQ,IQ-WA,Wasit,WA
IR,IR-,Iran,
IR,IR-01,Az¯arbayjan-e Sharqi,01
IR,IR-02,Az¯arbayjan-e Gharbi,02
IR,IR-03,Ardabil,03
IR,IR-04,Esfahan,04
IR,IR-05,Ilam,05
IR,IR-06,Bushehr,06
IR,IR-07,Tehran,07
IR,IR-08,Chahar Mah¸all va Bakhtiari,08
IR,IR-10,Khuzestan,10
IR,IR-11,Zanjan,11
IR,IR-12,Semnan,12
IR,IR-13,Sistan va Baluchestan,13
IR,IR-14,Fars,14
IR,IR-15,Kerman,15
IR,IR-16,Kordestan,16
IR,IR-17,Kermanshah,17
IR,IR-18,Kohkiluyeh va Buyer Ahmad,18
IR,IR-19,Gilan,19
IR,IR-20,Lorestan,20
IR,IR-21,Mazandaran,21
IR,IR-22,Markazi,22
IR,IR-23,Hormozgan,23
IR,IR-24,Hamadan,24
IR,IR-25,Yazd,25
IR,IR-26,Qom,26
IR,IR-27,Golestan,27
IR,IR-28,Qazvin,28
IR,IR-29,Khorasan-e Janubi,29
IR,IR-30,Khorasan-e Razavi,30
IR,IR-31,Khorasan-e Shemali,31
IS,IS-,Iceland,
IS,IS-1,Höfuðborgarsvæði,1
IS,IS-2,Suðurnes,2
IS,IS-3,Vesturland,3
IS,IS-4,Vestfirðir,4
IS,IS-5,Norðurland vestra,5
IS,IS-6,Norðurland eystra,6
IS,IS-7,Austurland,7
IS,IS-8,Suðurland,8
IT,IT-,Italy,
IT,IT-21,Piemonte,21
IT,IT-23,Valle d'Aosta,23
IT,IT-25,Lombardia,25
IT,IT-32,Trentino-Alto Adige,32
IT,IT-34,Veneto,34
IT,IT-36,Friuli-Venezia Giulia,36
IT,IT-42,Liguria,42
IT,IT-45,Emilia-Romagna,45
IT,IT-52,Toscana,52
IT,IT-55,Umbria,55
IT,IT-57,Marche,57
IT,IT-62,Lazio,62
IT,IT-65,Abruzzo,65
IT,IT-67,Molise,67
IT,IT-72,Campania,72
IT,IT-75,Puglia,75
IT,IT-77,Basilicata,77
IT,IT-78,Calabria,78
IT,IT-82,Sicilia,82
IT,IT-88,Sardegna,88
JE,JE-,Jersey,
JM,JM-,Jamaica,
JM,JM-01,Kingston,KIN
JM,JM-02,Saint Andrew,AND
JM,JM-03,Saint Thomas,THO
JM,JM-04,Portland,POR
JM,JM-05,Saint Mary,MAR
JM,JM-06,Saint Ann,ANN
JM,JM-07,Trelawny,TRE
JM,JM-08,Saint James,JAM
JM,JM-09,Hanover,HAN
JM,JM-10,Westmoreland,WML
JM,JM-11,Saint Elizabeth,ELI
JM,JM-12,Manchester,MAN
JM,JM-13,Clarendon,CLA
JM,JM-14,Saint Catherine,CAT
JO,JO-,Jordan,
JO,JO-AJ,Ajlun,AJ
JO,JO-AM,Amman,AM
JO,JO-AQ,Al 'Aqaba,AQ
JO,JO-AT,At Tafilah,AT
JO,JO-AZ,Az Zarqa',AZ
JO,JO-BA,Al Balqa',BA
JO,JO-IR,Irbid,IR
JO,JO-JA,Jarash,JA
JO,JO-KA,Al Karak,KA
JO,JO-MA,Al Mafraq,MA
JO,JO-MD,Madabah,MD
JO,JO-MN,Ma‘an,MN
JP,JP-,Japan,
JP,JP-01,Hokkaido,01
JP,JP-02,Aomori,02
JP,JP-03,Iwate,03
JP,JP-04,Miyagi,04
JP,JP-05,Akita,05
JP,JP-06,Yamagata,06
JP,JP-07,Fukushima,07
JP,JP-08,Ibaraki,08
JP,JP-09,Tochigi,09
JP,JP-10,Gunma,10
JP,JP-11,Saitama,11
JP,JP-12,Chiba,12
JP,JP-13,Tokyo,13
JP,JP-14,Kanagawa,14
JP,JP-15,Niigata,15
JP,JP-16,Toyama,16
JP,JP-17,Ishikawa,17
JP,JP-18,Fukui,18
JP,JP-19,Yamanashi,19
JP,JP-20,Nagano,20
JP,JP-21,Gifu,21
JP,JP-22,Shizuoka,22
JP,JP-23,Aichi,23
JP,JP-24,Mie,24
JP,JP-25,Shiga,25
JP,JP-26,Kyoto,26
JP,JP-27,Osaka,27
JP,JP-28,Hyogo,28
JP,JP-29,Nara,29
JP,JP-30,Wakayama,30
JP,JP-31,Tottori,31
JP,JP-32,Shimane,32
JP,JP-33,Okayama,33
JP,JP-34,Hiroshima,34
JP,JP-35,Yamaguchi,35
JP,JP-36,Tokushima,36
JP,JP-37,Kagawa,37
JP,JP-38,Ehime,38
JP,JP-39,Kochi,39
JP,JP-40,Fukuoka,40
JP,JP-41,Saga,41
JP,JP-42,Nagasaki,42
JP,JP-43,Kumamoto,43
JP,JP-44,Oita,44
JP,JP-45,Miyazaki,45
JP,JP-46,Kagoshima,46
JP,JP-47,Okinawa,47
KE,KE-,Kenya,
KE,KE-110,Nairobi,110
KE,KE-200,Central,200
KE,KE-300,Coast,300
KE,KE-400,Eastern,400
KE,KE-500,North-Eastern,500
KE,KE-600,Nyanza,600
KE,KE-700,Rift Valley,700
KE,KE-800,Western,800
KG,KG-,Kyrgyzstan,
KG,KG-B,Batken,B
KG,KG-C,Chü,C
KG,KG-GB,Bishkek,GB
KG,KG-J,Jalal-Abad,J
KG,KG-N,Naryn,N
KG,KG-O,Osh,O
KG,KG-T,Talas,T
KG,KG-Y,Ysyk-Köl,Y
KH,KH-,Cambodia,
KH,KH-1,Bântéay Méanchey,1
KH,KH-10,Krâchéh,10
KH,KH-11,Môndól Kiri,11
KH,KH-12,Phnum Pénh,12
KH,KH-13,Preah Vihéar,13
KH,KH-14,Prey Vêng,14
KH,KH-15,Pousaat,15
KH,KH-16,Rôtânôkiri,16
KH,KH-17,Siemréab,17
KH,KH-18,Krong Preah Sihanouk,18
KH,KH-19,Stueng Traeng [Stœng Trêng],19
KH,KH-2,Batdâmbâng,2
KH,KH-20,Svay Rieng,20
KH,KH-21,Takêv,21
KH,KH-22,Otdâr Méanchey,22
KH,KH-23,Krong Kêb,23
KH,KH-24,Krong Pailin,24
KH,KH-3,Kâmpóng Cham,3
KH,KH-4,Kâmpóng Chhnang,4
KH,KH-5,Kâmpóng Spœ,5
KH,KH-6,Kâmpóng Thum,6
KH,KH-7,Kâmpôt,7
KH,KH-8,Kândal,8
KH,KH-9,Kaôh Kong,9
KI,KI-,Kiribati,
KI,KI-G,Gilbert Islands,G
KI,KI-L,Line Islands,L
KI,KI-P,Phoenix Islands,P
KM,KM-,Comoros,
KM,KM-A,Anjouan,A
KM,KM-G,Grande Comore,G
KM,KM-M,Mohéli,M
KN,KN-,Saint Kitts and Nevis,
KN,KN-K,Saint Kitts,K
KN,KN-N,Nevis,N
KP,KP-,North Korea,
KP,KP-01,P’yongyang-t’ukpyolsi,01
KP,KP-02,P’yongan-namdo,02
KP,KP-03,P’yongan-bukto,03
KP,KP-04,Chagang-do,04
KP,KP-05,Hwanghae-namdo,05
KP,KP-06,Hwanghae-bukto,06
KP,KP-07,Kangwon-do,07
KP,KP-08,Hamgyong-namdo,08
KP,KP-09,Hamgyong-bukto,09
KP,KP-10,Yanggang-do,10
KP,KP-13,Najin Sonbong-si,13
KR,KR-,South Korea,
KR,KR-11,Seoul-T'ukpyolshi,11
KR,KR-26,Pusan-Kwangyokshi,26
KR,KR-27,Taegu-Kwangyokshi,27
KR,KR-28,Inch'on-Kwangyokshi,28
KR,KR-29,Kwangju-Kwangyokshi,29
KR,KR-30,Taejon-Kwangyokshi,30
KR,KR-31,Ulsan-Kwangyokshi,31
KR,KR-41,Kyonggi-do,41
KR,KR-42,Kang-won-do,42
KR,KR-43,Chungcheongbugdo,43
KR,KR-44,Chungcheongnamdo,44
KR,KR-45,Jeonrabugdo,45
KR,KR-46,Jeonranamdo,46
KR,KR-47,Kyongsangbuk-do,47
KR,KR-48,Kyongsangnam-do,48
KR,KR-49,Jejudo,49
KW,KW-,Kuwait,
KW,KW-AH,Al Ahmadi,AH
KW,KW-FA,Al Farwaniyah,FA
KW,KW-HA,Hawalli,HA
KW,KW-JA,Al Jahrah,JA
KW,KW-KU,Al Kuwayt,KU
KW,KW-MU,Mubarak al Kabir,MU
KY,KY-,Cayman Islands,
KY,KY-BT,Bodden Town,BT
KY,KY-CB,Cayman Brac,CB
KY,KY-EE,East End,EE
KY,KY-GT,George Town,GT
KY,KY-NS,North Side,NS
KY,KY-SO,Little Cayman,SO
KY,KY-WB,West Bay,WB
KZ,KZ-,Kazakhstan,
KZ,KZ-AKM,Aqmola oblysy,AKM
KZ,KZ-AKT,Aqtöbe oblysy,AKT
KZ,KZ-ALA,Almaty,ALA
KZ,KZ-ALM,Almaty oblysy,ALM
KZ,KZ-AST,Astana,AST
KZ,KZ-ATY,Atyrau oblysy,ATY
KZ,KZ-KAR,Qaraghandy oblysy,KAR
KZ,KZ-KUS,Qostanay oblysy,KUS
KZ,KZ-KZY,Qyzylorda oblysy,KZY
KZ,KZ-MAN,Mangghystau oblysy,MAN
KZ,KZ-PAV,Pavlodar oblysy,PAV
KZ,KZ-SEV,Soltüstik Qazaqstan oblysy,SEV
KZ,KZ-VOS,Shyghys Qazaqstan oblysy,VOS
KZ,KZ-YUZ,Ongtüstik Qazaqstan oblysy,YUZ
KZ,KZ-ZAP,Batys Qazaqstan oblysy,ZAP
KZ,KZ-ZHA,Zhambyl oblysy,ZHA
LA,LA-,Laos,
LA,LA-AT,Attapu [Attopeu],AT
LA,LA-BK,Bokèo,BK
LA,LA-BL,Bolikhamxai [Borikhane],BL
LA,LA-CH,Champasak [Champassak],CH
LA,LA-HO,Houaphan,HO
LA,LA-KH,Khammouan,KH
LA,LA-LM,Louang Namtha,LM
LA,LA-LP,Louangphabang [Louang Prabang],LP
LA,LA-OU,Oudômxai [Oudomsai],OU
LA,LA-PH,Phôngsali [Phong Saly],PH
LA,LA-SL,Salavan [Saravane],SL
LA,LA-SV,Savannakhét,SV
LA,LA-VI,Vientiane,VI
LA,LA-VT,Vientiane Prefecture,VT
LA,LA-XA,Xaignabouli [Sayaboury],XA
LA,LA-XE,Xékong [Sékong],XE
LA,LA-XI,Xiangkhoang [Xieng Khouang],XI
LA,LA-XN,Xaisômboun,XN
LB,LB-,Lebanon,
LB,LB-AK,Aakkâr,AK
LB,LB-AS,Ash Shimal,AS
LB,LB-BA,Bayrut,BA
LB,LB-BH,Baalbek-Hermel,BH
LB,LB-BI,Béqaa,BI
LB,LB-JA,Al Janub,JA
LB,LB-JL,Mont-Liban,JL
LB,LB-NA,Nabatîyé,NA
LC,LC-,Saint Lucia,
LC,LC-01,Anse la Raye,01
LC,LC-02,Castries,02
LC,LC-03,Choiseul,03
LC,LC-04,Dauphin,04
LC,LC-05,Dennery,05
LC,LC-06,Gros Islet,06
LC,LC-07,Laborie,07
LC,LC-08,Micoud,08
LC,LC-09,Praslin,09
LC,LC-10,Soufrière,10
LC,LC-11,Vieux Fort,11
LI,LI-,Liechtenstein,
LI,LI-01,Balzers,01
LI,LI-02,Eschen,02
LI,LI-03,Gamprin,03
LI,LI-04,Mauren,04
LI,LI-05,Planken,05
LI,LI-06,Ruggell,06
LI,LI-07,Schaan,07
LI,LI-08,Schellenberg,08
LI,LI-09,Triesen,09
LI,LI-10,Triesenberg,10
LI,LI-11,Vaduz,11
LK,LK-,Sri Lanka,
LK,LK-1,Western Province,1
LK,LK-2,Central Province,2
LK,LK-3,Southern Province,3
LK,LK-4,Northern Province,4
LK,LK-5,Eastern Province,5
LK,LK-6,North Western Province,6
LK,LK-7,North Central Province,7
LK,LK-8,Uva Palata,8
LK,LK-9,Sabaragamuwa Palata,9
LR,LR-,Liberia,
LR,LR-BG,Bong,BG
LR,LR-BM,Bomi,BM
LR,LR-CM,Grand Cape Mount,CM
LR,LR-GB,Grand Bassa,GB
LR,LR-GG,Grand Gedeh,GG
LR,LR-GK,Grand Kru,GK
LR,LR-GP,Gbarpolu,GP
LR,LR-LO,Lofa,LO
LR,LR-MG,Margibi,MG
LR,LR-MO,Montserrado,MO
LR,LR-MY,Maryland,MY
LR,LR-NI,Nimba,NI
LR,LR-RG,River Gee,RG
LR,LR-RI,Rivercess,RI
LR,LR-SI,Sinoe,SI
LS,LS-,Lesotho,
LS,LS-A,Maseru,A
LS,LS-B,Butha-Buthe,B
LS,LS-C,Leribe,C
LS,LS-D,Berea,D
LS,LS-E,Mafeteng,E
LS,LS-F,Mohale's Hoek,F
LS,LS-G,Quthing,G
LS,LS-H,Qacha's Nek,H
LS,LS-J,Mokhotlong,J
LS,LS-K,Thaba-Tseka,K
LT,LT-,Lithuania,
LT,LT-AL,Alytaus Apskritis,AL
LT,LT-KL,Klaipedos Apskritis,KL
LT,LT-KU,Kauno Apskritis,KU
LT,LT-MR,Marijampoles Apskritis,MR
LT,LT-PN,Panevežio Apskritis,PN
LT,LT-SA,Šiauliu Apskritis,SA
LT,LT-TA,Taurages Apskritis,TA
LT,LT-TE,Telšiu Apskritis,TE
LT,LT-UT,Utenos Apskritis,UT
LT,LT-VL,Vilniaus Apskritis,VL
LU,LU-,Luxembourg,
LU,LU-D,Diekirch,D
LU,LU-G,Grevenmacher ,G
LU,LU-L,Luxemburg,L
LV,LV-,Latvia,
LV,LV-001,Aglona,001
LV,LV-002,Aizkraukle,002
LV,LV-003,Aizpute,003
LV,LV-004,Akniste,004
LV,LV-005,Aloja,005
LV,LV-006,Alsunga,006
LV,LV-007,Aluksne,007
LV,LV-008,Amata,008
LV,LV-009,Ape,009
LV,LV-010,Auce,010
LV,LV-011,Adaži,011
LV,LV-012,Babite,012
LV,LV-013,Baldone,013
LV,LV-014,Baltinava,014
LV,LV-015,Balvi,015
LV,LV-016,Bauska,016
LV,LV-017,Beverina,017
LV,LV-018,Broceni,018
LV,LV-019,Burtnieki,019
LV,LV-020,Carnikava,020
LV,LV-021,Cesvaine,021
LV,LV-022,Cesis,022
LV,LV-023,Cibla,023
LV,LV-024,Dagda,024
LV,LV-025,Daugavpils,025
LV,LV-026,Dobele,026
LV,LV-027,Dundaga,027
LV,LV-028,Durbe,028
LV,LV-029,Engure,029
LV,LV-030,Ergli,030
LV,LV-031,Garkalne,031
LV,LV-032,Grobina,032
LV,LV-033,Gulbene,033
LV,LV-034,Iecava,034
LV,LV-035,Ikškile,035
LV,LV-036,Ilukste,036
LV,LV-037,Incukalns,037
LV,LV-038,Jaunjelgava,038
LV,LV-039,Jaunpiebalga,039
LV,LV-040,Jaunpils,040
LV,LV-041,Jelgava,041
LV,LV-042,Jekabpils,042
LV,LV-043,Kandava,043
LV,LV-044,Karsava,044
LV,LV-045,Koceni,045
LV,LV-046,Koknese,046
LV,LV-047,Kraslava,047
LV,LV-048,Krimulda,048
LV,LV-049,Krustpils,049
LV,LV-050,Kuldiga,050
LV,LV-051,Kegums,051
LV,LV-052,Kekava,052
LV,LV-053,Lielvarde,053
LV,LV-054,Limbaži,054
LV,LV-055,Ligatne,055
LV,LV-056,Livani,056
LV,LV-057,Lubana,057
LV,LV-058,Ludza,058
LV,LV-059,Madona,059
LV,LV-060,Mazsalaca,060
LV,LV-061,Malpils,061
LV,LV-062,Marupe,062
LV,LV-063,Mersrags,063
LV,LV-064,Naukšeni,064
LV,LV-065,Nereta,065
LV,LV-066,Nica,066
LV,LV-067,Ogre,067
LV,LV-068,Olaine,068
LV,LV-069,Ozolnieki,069
LV,LV-070,Pargauja,070
LV,LV-071,Pavilosta,071
LV,LV-072,Plavinas,072
LV,LV-073,Preili,073
LV,LV-074,Priekule,074
LV,LV-075,Priekuli,075
LV,LV-076,Rauna,076
LV,LV-077,Rezekne,077
LV,LV-078,Riebini,078
LV,LV-079,Roja,079
LV,LV-080,Ropaži,080
LV,LV-081,Rucava,081
LV,LV-082,Rugaji,082
LV,LV-083,Rundale,083
LV,LV-084,Rujiena,084
LV,LV-085,Sala,085
LV,LV-086,Salacgriva,086
LV,LV-087,Salaspils,087
LV,LV-088,Saldus,088
LV,LV-089,Saulkrasti,089
LV,LV-090,Seja,090
LV,LV-091,Sigulda,091
LV,LV-092,Skriveri,092
LV,LV-093,Skrunda,093
LV,LV-094,Smiltene,094
LV,LV-095,Stopini,095
LV,LV-096,Strenci,096
LV,LV-097,Talsi,097
LV,LV-098,Tervete,098
LV,LV-099,Tukums,099
LV,LV-100,Vainode,100
LV,LV-101,Valka,101
LV,LV-102,Varaklani,102
LV,LV-103,Varkava,103
LV,LV-104,Vecpiebalga,104
LV,LV-105,Vecumnieki,105
LV,LV-106,Ventspils,106
LV,LV-107,Viesite,107
LV,LV-108,Vilaka,108
LV,LV-109,Vilani,109
LV,LV-110,Zilupe,110
LV,LV-DGV,Daugavpils City,DGV
LV,LV-JEL,Jelgava City,JEL
LV,LV-JKB,Jekabpils City,JKB
LV,LV-JUR,Jurmala City,JUR
LV,LV-LPX,Liepaja City,LPX
LV,LV-REZ,Rezekne City,REZ
LV,LV-RIX,Riga City,RIX
LV,LV-VEN,Ventspils City,VEN
LV,LV-VMR,Valmiera City,VMR
LY,LY-,Libya,
LY,LY-AJ,Ajdabiya,AJ
LY,LY-BA,Banghazi,BA
LY,LY-BU,Al Butnan,BU
LY,LY-BW,Bani Walid,BW
LY,LY-DR,Darnah,DR
LY,LY-GD,Ghadamis,GD
LY,LY-GR,Gharyan,GR
LY,LY-GT,Ghat,GT
LY,LY-HZ,Al hizam al Akhdar,HZ
LY,LY-JA,Al Jabal al Akhdar,JA
LY,LY-JB,Jaghbub,JB
LY,LY-JI,Al Jifarah,JI
LY,LY-JU,Al Jufrah,JU
LY,LY-KF,Al Kufrah,KF
LY,LY-MB,Al Marqab,MB
LY,LY-MI,Misratah,MI
LY,LY-MJ,Al Marj,MJ
LY,LY-MQ,Murzuq,MQ
LY,LY-MZ,Mizdah,MZ
LY,LY-NL,Nalut,NL
LY,LY-NQ,An Nuqat al Khams,NQ
LY,LY-QB,Al Qubbah,QB
LY,LY-QT,Al Qatrun,QT
LY,LY-SB,Sabha,SB
LY,LY-SH,Ash Shati',SH
LY,LY-SR,Surt,SR
LY,LY-SS,Sabratah Surman,SS
LY,LY-TB,Tarabulus,TB
LY,LY-TM,Tarhunah-Masallatah,TM
LY,LY-TN,Tajura wa al Nawahi AlArba',TN
LY,LY-WA,Al Wahah,WA
LY,LY-WD,Wadi al Hayat,WD
LY,LY-YJ,Yafran-Jadu,YJ
LY,LY-ZA,Az Zawiyah,ZA
MA,MA-,Morocco,
MA,MA-01,Tanger-Tétouan,01
MA,MA-02,Gharb-Chrarda-Beni Hssen,02
MA,MA-03,Taza-Al Hoceima-Taounate,03
MA,MA-04,L'Oriental,04
MA,MA-05,Fès-Boulemane,05
MA,MA-06,Meknès-Tafilalet,06
MA,MA-07,Rabat-Salé-Zemmour-Zaer,07
MA,MA-08,Grand Casablanca,08
MA,MA-09,Chaouia-Ouardigha,09
MA,MA-10,Doukkala-Abda,10
MA,MA-11,Marrakech-Tensift-Al Haouz,11
MA,MA-12,Tadla-Azilal,12
MA,MA-13,Sous-Massa-Draa,13
MA,MA-14,Guelmim-Es Smara,14
MA,MA-15,Laâyoune-Boujdour-Sakia el Hamra,15
MA,MA-16,Oued ed Dahab-Lagouira,16
MC,MC-,Monaco,
MD,MD-,Moldova,
MD,MD-AN,Anenii Noi,AN
MD,MD-BA,Balti,BA
MD,MD-BD,Bender [Tighina],BD
MD,MD-BR,Briceni,BR
MD,MD-BS,Basarabeasca,BS
MD,MD-CA,Cahul,CA
MD,MD-CH,Chisinau,CH
MD,MD-CL,Călărași,CL
MD,MD-CM,Cimișlia,CM
MD,MD-CR,Criuleni,CR
MD,MD-CS,Căușeni,CS
MD,MD-CT,Cantemir,CT
MD,MD-CU,Chișinău City,CU
MD,MD-DO,Dondușeni,DO
MD,MD-DR,Drochia,DR
MD,MD-DU,Dubasari,DU
MD,MD-ED,Edinet,ED
MD,MD-FA,Fălești,FA
MD,MD-FL,Florești,FL
MD,MD-GA,"Gagauzia, Unitate Teritoriala Autonoma (UTAG)",GA
MD,MD-GL,Glodeni,GL
MD,MD-HI,Hîncești,HI
MD,MD-IA,Ialoveni,IA
MD,MD-LA,Lapusna,LA
MD,MD-LE,Leova,LE
MD,MD-NI,Nisporeni,NI
MD,MD-OC,Ocnița,OC
MD,MD-OR,Orhei,OR
MD,MD-RE,Rezina,RE
MD,MD-RI,Rîșcani,RI
MD,MD-SD,Șoldănești,SD
MD,MD-SI,Sîngerei,SI
MD,MD-SN,"Stînga Nistrului, unitatea teritoriala din",SN
MD,MD-SO,Soroca,SO
MD,MD-ST,Strășeni,ST
MD,MD-SV,Ștefan Vodă,SV
MD,MD-TA,Taraclia,TA
MD,MD-TE,Telenești,TE
MD,MD-TI,Tighina [Bender],TI
MD,MD-UN,Ungheni,UN
ME,ME-,Montenegro,
ME,ME-01,Andrijevica,01
ME,ME-02,Bar,02
ME,ME-03,Berane,03
ME,ME-04,Bijelo Polje,04
ME,ME-05,Budva,05
ME,ME-06,Cetinje,06
ME,ME-07,Danilovgrad,07
ME,ME-08,Herceg-Novi,08
ME,ME-09,Kolašin,09
ME,ME-10,Kotor,10
ME,ME-11,Mojkovac,11
ME,ME-12,Nikšic´,12
ME,ME-13,Plav,13
ME,ME-14,Pljevlja,14
ME,ME-15,Plužine,15
ME,ME-16,Podgorica,16
ME,ME-17,Rožaje,17
ME,ME-18,Šavnik,18
ME,ME-19,Tivat,19
ME,ME-20,Ulcinj,20
ME,ME-21,Žabljak,21
MF,MF-,Saint Martin (French part),
MG,MG-,Madagascar,
MG,MG-A,Toamasina,A
MG,MG-D,Antsiranana,D
MG,MG-F,Fianarantsoa,F
MG,MG-M,Mahajanga,M
MG,MG-T,Antananarivo,T
MG,MG-U,Toliara,U
MH,MH-,Marshall Islands,
MH,MH-L,Ralik chain,L
MH,MH-T,Ratak chain,T
MK,MK-,Macedonia,
MK,MK-01,Aerodrom †,01
MK,MK-02,Aracinovo,02
MK,MK-03,Berovo,03
MK,MK-04,Bitola,04
MK,MK-05,Bogdanci,05
MK,MK-06,Bogovinje,06
MK,MK-07,Bosilovo,07
MK,MK-08,Brvenica,08
MK,MK-09,Butel †,09
MK,MK-10,Valandovo,10
MK,MK-11,Vasilevo,11
MK,MK-12,Vevcani,12
MK,MK-13,Veles,13
MK,MK-14,Vinica,14
MK,MK-15,Vraneštica,15
MK,MK-16,Vrapcište,16
MK,MK-17,Gazi Baba †,17
MK,MK-18,Gevgelija,18
MK,MK-19,Gostivar,19
MK,MK-20,Gradsko,20
MK,MK-21,Debar,21
MK,MK-22,Debarca,22
MK,MK-23,Delcevo,23
MK,MK-24,Demir Kapija,24
MK,MK-25,Demir Hisar,25
MK,MK-26,Dojran,26
MK,MK-27,Dolneni,27
MK,MK-28,Drugovo,28
MK,MK-29,Gjorce Petrov †,29
MK,MK-30,Želino,30
MK,MK-31,Zajas,31
MK,MK-32,Zelenikovo,32
MK,MK-33,Zrnovci,33
MK,MK-34,Ilinden,34
MK,MK-35,Jegunovce,35
MK,MK-36,Kavadarci,36
MK,MK-37,Karbinci,37
MK,MK-38,Karpoš †,38
MK,MK-39,Kisela Voda †,39
MK,MK-40,Kicevo,40
MK,MK-41,Konce,41
MK,MK-42,Kocani,42
MK,MK-43,Kratovo,43
MK,MK-44,Kriva Palanka,44
MK,MK-45,Krivogaštani,45
MK,MK-46,Kruševo,46
MK,MK-47,Kumanovo,47
MK,MK-48,Lipkovo,48
MK,MK-49,Lozovo,49
MK,MK-50,Mavrovo-i-Rostuša,50
MK,MK-51,Makedonska Kamenica,51
MK,MK-52,Makedonski Brod,52
MK,MK-53,Mogila,53
MK,MK-54,Negotino,54
MK,MK-55,Novaci,55
MK,MK-56,Novo Selo,56
MK,MK-57,Oslomej,57
MK,MK-58,Ohrid,58
MK,MK-59,Petrovec,59
MK,MK-60,Pehcevo,60
MK,MK-61,Plasnica,61
MK,MK-62,Prilep,62
MK,MK-63,Probištip,63
MK,MK-64,Radoviš,64
MK,MK-65,Rankovce,65
MK,MK-66,Resen,66
MK,MK-67,Rosoman,67
MK,MK-68,Saraj †,68
MK,MK-69,Sveti Nikole,69
MK,MK-70,Sopište,70
MK,MK-71,Staro Nagoricane,71
MK,MK-72,Struga,72
MK,MK-73,Strumica,73
MK,MK-74,Studenicani,74
MK,MK-75,Tearce,75
MK,MK-76,Tetovo,76
MK,MK-77,Centar †,77
MK,MK-78,Centar Župa,78
MK,MK-79,Cair †,79
MK,MK-80,Caška,80
MK,MK-81,Cešinovo-Obleševo,81
MK,MK-82,Cucer Sandevo,82
MK,MK-83,Štip,83
MK,MK-84,Šuto Orizari †,84
ML,ML-,Mali,
ML,ML-1,Kayes,1
ML,ML-2,Koulikoro,2
ML,ML-3,Sikasso,3
ML,ML-4,Ségou,4
ML,ML-5,Mopti,5
ML,ML-6,Tombouctou,6
ML,ML-7,Gao,7
ML,ML-8,Kidal,8
ML,ML-BKO,Bamako,BKO
MM,MM-,Myanmar,
MM,MM-01,Sagaing,01
MM,MM-02,Bago,02
MM,MM-03,Magway,03
MM,MM-04,Mandalay,04
MM,MM-05,Tanintharyi,05
MM,MM-06,Yangon,06
MM,MM-07,Ayeyarwady,07
MM,MM-11,Kachin,11
MM,MM-12,Kayah,12
MM,MM-13,Kayin,13
MM,MM-14,Chin,14
MM,MM-15,Mon,15
MM,MM-16,Rakhine,16
MM,MM-17,Shan,17
MN,MN-,Mongolia,
MN,MN-035,Orhon,035
MN,MN-037,Darhan uul,037
MN,MN-039,Hentiy,039
MN,MN-041,Hövsgöl,041
MN,MN-043,Hovd,043
MN,MN-046,Uvs,046
MN,MN-047,Töv,047
MN,MN-049,Selenge,049
MN,MN-051,Sühbaatar,051
MN,MN-053,Ömnögovi,053
MN,MN-055,Övörhangay,055
MN,MN-057,Dzavhan,057
MN,MN-059,Dundgovi,059
MN,MN-061,Dornod,061
MN,MN-063,Dornogovi,063
MN,MN-064,Govi-Sümber,064
MN,MN-065,Govi-Altay,065
MN,MN-067,Bulgan,067
MN,MN-069,Bayanhongor,069
MN,MN-071,Bayan-Ölgiy,071
MN,MN-073,Arhangay,073
MN,MN-1,Ulaanbaatar,1
MO,MO-,Macau,
MP,MP-,Northern Mariana Islands,
MP,MP-NI,Northern Islands,NI
MP,MP-RO,Rota,RO
MP,MP-SA,Saipan,SA
MP,MP-TI,Tinian,TI
MQ,MQ-,Martinique,
MR,MR-,Mauritania,
MR,MR-01,Hodh ech Chargui,01
MR,MR-02,Hodh el Gharbi,02
MR,MR-03,Assaba,03
MR,MR-04,Gorgol,04
MR,MR-05,Brakna,05
MR,MR-06,Trarza,06
MR,MR-07,Adrar,07
MR,MR-08,Dakhlet Nouâdhibou,08
MR,MR-09,Tagant,09
MR,MR-10,Guidimaka,10
MR,MR-11,Tiris Zemmour,11
MR,MR-12,Inchiri,12
MR,MR-NKC,Nouakchott,NKC
MS,MS-,Montserrat,
MT,MT-,Malta,
MT,MT-01,Attard,01
MT,MT-02,Balzan,02
MT,MT-03,Birgu,03
MT,MT-04,Birkirkara,04
MT,MT-05,Birzebbuga,05
MT,MT-06,Bormla,06
MT,MT-07,Dingli,07
MT,MT-08,Fgura,08
MT,MT-09,Floriana,09
MT,MT-10,Fontana,10
MT,MT-11,Gudja,11
MT,MT-12,Gzira,12
MT,MT-13,Ghajnsielem,13
MT,MT-14,Gharb,14
MT,MT-15,Gharghur,15
MT,MT-16,Ghasri,16
MT,MT-17,Ghaxaq,17
MT,MT-18,Hamrun,18
MT,MT-19,Iklin,19
MT,MT-20,Isla,20
MT,MT-21,Kalkara,21
MT,MT-22,Kercem,22
MT,MT-23,Kirkop,23
MT,MT-24,Lija,24
MT,MT-25,Luqa,25
MT,MT-26,Marsa,26
MT,MT-27,Marsaskala,27
MT,MT-28,Marsaxlokk,28
MT,MT-29,Mdina,29
MT,MT-30,Mellieha,30
MT,MT-31,Mgarr,31
MT,MT-32,Mosta,32
MT,MT-33,Mqabba,33
MT,MT-34,Msida,34
MT,MT-35,Mtarfa,35
MT,MT-36,Munxar,36
MT,MT-37,Nadur,37
MT,MT-38,Naxxar,38
MT,MT-39,Paola,39
MT,MT-40,Pembroke,40
MT,MT-41,Pietà,41
MT,MT-42,Qala,42
MT,MT-43,Qormi,43
MT,MT-44,Qrendi,44
MT,MT-45,Rabat Gozo,45
MT,MT-46,Rabat Malta,46
MT,MT-47,Safi,47
MT,MT-48,San Giljan,48
MT,MT-49,San Gwann,49
MT,MT-50,San Lawrenz,50
MT,MT-51,Saint Paul’s Bay,51
MT,MT-52,Sannat,52
MT,MT-53,Santa Lucija,53
MT,MT-54,Santa Venera,54
MT,MT-55,Siggiewi,55
MT,MT-56,Sliema,56
MT,MT-57,Swieqi,57
MT,MT-58,Ta’ Xbiex,58
MT,MT-59,Tarxien,59
MT,MT-60,Valletta,60
MT,MT-61,Xaghra,61
MT,MT-62,Xewkija,62
MT,MT-63,Xghajra,63
MT,MT-64,Zabbar,64
MT,MT-65,Zebbug Gozo,65
MT,MT-66,Zebbug Malta,66
MT,MT-67,Zejtun,67
MT,MT-68,Zurrieq,68
MU,MU-,Mauritius,
MU,MU-AG,Agalega Islands,AG
MU,MU-BL,Black River,BL
MU,MU-BR,Beau Bassin-Rose Hill,BR
MU,MU-CC,Cargados Carajos Shoals,CC
MU,MU-CU,Curepipe,CU
MU,MU-FL,Flacq,FL
MU,MU-GP,Grand Port,GP
MU,MU-MO,Moka,MO
MU,MU-PA,Pamplemousses,PA
MU,MU-PL,Port Louis,PL
MU,MU-PU,Port Louis City,PU
MU,MU-PW,Plaines Wilhems,PW
MU,MU-QB,Quatre Bornes,QB
MU,MU-RO,Rodrigues Island,RO
MU,MU-RR,Rivière du Rempart,RR
MU,MU-SA,Savanne,SA
MU,MU-VP,Vacoas-Phoenix,VP
MV,MV-,Maldives,
MV,MV-01,Seenu,01
MV,MV-02,Alif,02
MV,MV-03,Lhaviyani,03
MV,MV-04,Vaavu,04
MV,MV-05,Laamu,05
MV,MV-07,Haa Alif,07
MV,MV-08,Thaa,08
MV,MV-12,Meemu,12
MV,MV-13,Raa,13
MV,MV-14,Faafu,14
MV,MV-17,Dhaalu,17
MV,MV-20,Baa,20
MV,MV-23,Haa Dhaalu,23
MV,MV-24,Shaviyani,24
MV,MV-25,Noonu,25
MV,MV-26,Kaafu,26
MV,MV-27,Gaaf Alif,27
MV,MV-28,Gaafu Dhaalu,28
MV,MV-29,Gnaviyani,29
MV,MV-MLE,Male,MLE
MW,MW-,Malawi,
MW,MW-C,Central,C
MW,MW-N,Northern,N
MW,MW-S,Southern,S
MX,MX-,Mexico,
MX,MX-AGU,Aguascalientes,AGS
MX,MX-BCN,Baja California,BCN
MX,MX-BCS,Baja California Sur,BCS
MX,MX-CAM,Campeche,CAM
MX,MX-CHH,Chihuahua,CHH
MX,MX-CHP,Chiapas,CHP
MX,MX-COA,Coahuila,COA
MX,MX-COL,Colima,COL
MX,MX-DIF,Distrito Federal,DFE
MX,MX-DUR,Durango,DUR
MX,MX-GRO,Guerrero,GRO
MX,MX-GUA,Guanajuato,GTO
MX,MX-HID,Hidalgo,HGO
MX,MX-JAL,Jalisco,JAL
MX,MX-MEX,México,MEX
MX,MX-MIC,Michoacán,MIC
MX,MX-MOR,Morelos,MOR
MX,MX-NAY,Nayarit,NAY
MX,MX-NLE,Nuevo León,NLN
MX,MX-OAX,Oaxaca,OAX
MX,MX-PUE,Puebla,PUE
MX,MX-QUE,Querétaro,QRO
MX,MX-ROO,Quintana Roo,ROO
MX,MX-SIN,Sinaloa,SIN
MX,MX-SLP,San Luis Potosí,SLP
MX,MX-SON,Sonora,SON
MX,MX-TAB,Tabasco,TAB
MX,MX-TAM,Tamaulipas,TAM
MX,MX-TLA,Tlaxcala,TLX
MX,MX-VER,Veracruz,VER
MX,MX-YUC,Yucatán,YUC
MX,MX-ZAC,Zacatecas,ZAC
MY,MY-,Malaysia,
MY,MY-01,Johor,01
MY,MY-02,Kedah,02
MY,MY-03,Kelantan,03
MY,MY-04,Melaka,04
MY,MY-05,Negeri Sembilan,05
MY,MY-06,Pahang,06
MY,MY-07,Pulau Pinang,07
MY,MY-08,Perak,08
MY,MY-09,Perlis,09
MY,MY-10,Selangor,10
MY,MY-11,Terengganu,11
MY,MY-12,Sabah,12
MY,MY-13,Sarawak,13
MY,MY-14,Wilayah Persekutuan Kuala Lumpur,14
MY,MY-15,Wilayah Persekutuan Labuan,15
MY,MY-16,Wilayah Persekutuan Putrajaya,16
MZ,MZ-,Mozambique,
MZ,MZ-A,Niassa,A
MZ,MZ-B,Manica,B
MZ,MZ-G,Gaza,G
MZ,MZ-I,Inhambane,I
MZ,MZ-L,Maputo,L
MZ,MZ-N,Nampula,N
MZ,MZ-P,Cabo Delgado,P
MZ,MZ-Q,Zambézia,Q
MZ,MZ-S,Sofala,S
MZ,MZ-T,Tete,T
NA,NA-,Namibia,
NA,NA-CA,Caprivi,CA
NA,NA-ER,Erongo,ER
NA,NA-HA,Hardap,HA
NA,NA-KA,Karas,KA
NA,NA-KH,Khomas,KH
NA,NA-KU,Kunene,KU
NA,NA-OD,Otjozondjupa,OD
NA,NA-OH,Omaheke,OH
NA,NA-OK,Okavango,OK
NA,NA-ON,Oshana,ON
NA,NA-OS,Omusati,OS
NA,NA-OT,Oshikoto,OT
NA,NA-OW,Ohangwena,OW
NC,NC-,New Caledonia,
NE,NE-,Niger,
NE,NE-1,Agadez,1
NE,NE-2,Diffa,2
NE,NE-3,Dosso,3
NE,NE-4,Maradi,4
NE,NE-5,Tahoua,5
NE,NE-6,Tillabéri,6
NE,NE-7,Zinder,7
NE,NE-8,Niamey,8
NF,NF-,Norfolk Island,
NG,NG-,Nigeria,
NG,NG-AB,Abia,AB
NG,NG-AD,Adamawa,AD
NG,NG-AK,Akwa Ibom,AK
NG,NG-AN,Anambra,AN
NG,NG-BA,Bauchi,BA
NG,NG-BE,Benue,BE
NG,NG-BO,Borno,BO
NG,NG-BY,Bayelsa,BY
NG,NG-CR,Cross River,CR
NG,NG-DE,Delta,DE
NG,NG-EB,Ebonyi,EB
NG,NG-ED,Edo,ED
NG,NG-EK,Ekiti,EK
NG,NG-EN,Enugu,EN
NG,NG-FC,Abuja Federal Capital Territory,FC
NG,NG-GO,Gombe,GO
NG,NG-IM,Imo,IM
NG,NG-JI,Jigawa,JI
NG,NG-KD,Kaduna,KD
NG,NG-KE,Kebbi,KE
NG,NG-KN,Kano,KN
NG,NG-KO,Kogi,KO
NG,NG-KT,Katsina,KT
NG,NG-KW,Kwara,KW
NG,NG-LA,Lagos,LA
NG,NG-NA,Nassarawa,NA
NG,NG-NI,Niger,NI
NG,NG-OG,Ogun,OG
NG,NG-ON,Ondo,ON
NG,NG-OS,Osun,OS
NG,NG-OY,Oyo,OY
NG,NG-PL,Plateau,PL
NG,NG-RI,Rivers,RI
NG,NG-SO,Sokoto,SO
NG,NG-TA,Taraba,TA
NG,NG-YO,Yobe,YO
NG,NG-ZA,Zamfara,ZA
NI,NI-,Nicaragua,
NI,NI-AN,Atlántico Norte,AN
NI,NI-AS,Atlántico Sur,AS
NI,NI-BO,Boaco,BO
NI,NI-CA,Carazo,CA
NI,NI-CI,Chinandega,CI
NI,NI-CO,Chontales,CO
NI,NI-ES,Estelí,ES
NI,NI-GR,Granada,GR
NI,NI-JI,Jinotega,JI
NI,NI-LE,León,LE
NI,NI-MD,Madriz,MD
NI,NI-MN,Managua,MN
NI,NI-MS,Masaya,MS
NI,NI-MT,Matagalpa,MT
NI,NI-NS,Nueva Segovia,NS
NI,NI-RI,Rivas,RI
NI,NI-SJ,Río San Juan,SJ
NL,NL-,Netherlands,
NL,NL-DR,Drenthe,DR
NL,NL-FL,Flevoland,FL
NL,NL-FR,Fryslân,FR
NL,NL-GE,Gelderland,GE
NL,NL-GR,Groningen,GR
NL,NL-LI,Limburg,LI
NL,NL-NB,Noord-Brabant,NB
NL,NL-NH,Noord-Holland,NH
NL,NL-OV,Overijssel,OV
NL,NL-UT,Utrecht,UT
NL,NL-ZE,Zeeland,ZE
NL,NL-ZH,Zuid-Holland,ZH
NO,NO-,Norway,
NO,NO-01,Østfold,01
NO,NO-02,Akershus,02
NO,NO-03,Oslo,03
NO,NO-04,Hedmark,04
NO,NO-05,Oppland,05
NO,NO-06,Buskerud,06
NO,NO-07,Vestfold,07
NO,NO-08,Telemark,08
NO,NO-09,Aust-Agder,09
NO,NO-10,Vest-Agder,10
NO,NO-11,Rogaland,11
NO,NO-12,Hordaland,12
NO,NO-14,Sogn og Fjordane,14
NO,NO-15,Møre og Romsdal,15
NO,NO-16,Sør-Trøndelag,16
NO,NO-17,Nord-Trøndelag,17
NO,NO-18,Nordland,18
NO,NO-19,Troms,19
NO,NO-20,Finnmark,20
NO,NO-22,Jan Mayen,22
NP,NP-,Nepal,
NP,NP-1,Madhyamanchal,1
NP,NP-2,Madhya Pashchimanchal,2
NP,NP-3,Pashchimanchal,3
NP,NP-4,Purwanchal,4
NP,NP-5,Sudur Pashchimanchal,5
NR,NR-,Nauru,
NR,NR-01,Aiwo,01
NR,NR-02,Anabar,02
NR,NR-03,Anetan,03
NR,NR-04,Anibare,04
NR,NR-05,Baiti,05
NR,NR-06,Boe,06
NR,NR-07,Buada,07
NR,NR-08,Denigomodu,08
NR,NR-09,Ewa,09
NR,NR-10,Ijuw,10
NR,NR-11,Meneng,11
NR,NR-12,Nibok,12
NR,NR-13,Uaboe,13
NR,NR-14,Yaren,14
NU,NU-,Niue,
NZ,NZ-,New Zealand,
NZ,NZ-AUK,Auckland,AUK
NZ,NZ-BOP,Bay of Plenty,BOP
NZ,NZ-CAN,Canterbury,CAN
NZ,NZ-CI,Chatham Islands,CI
NZ,NZ-GIS,Gisborne,GIS
NZ,NZ-HKB,Hawke's Bay,HKB
NZ,NZ-MBH,Marlborough,MBH
NZ,NZ-MWT,Manawatu-Wanganui,MWT
NZ,NZ-NSN,Nelson,NSN
NZ,NZ-NTL,Northland,NTL
NZ,NZ-OTA,Otago,OTA
NZ,NZ-STL,Southland,STL
NZ,NZ-TAS,Tasman,TAS
NZ,NZ-TKI,Taranaki,TKI
NZ,NZ-WGN,Wellington,WGN
NZ,NZ-WKO,Waikato,WKO
NZ,NZ-WTC,West Coast,WTC
OM,OM-,Oman,
OM,OM-BA,Al Batinah,BA
OM,OM-BU,Al Buraymi,BU
OM,OM-DA,Ad Dakhiliyah,DA
OM,OM-JA,Al Janubiyah,JA
OM,OM-MA,Masqat,MA
OM,OM-MU,Musandam,MU
OM,OM-SH,Ash Sharqiyah,SH
OM,OM-WU,Al Wustá,WU
OM,OM-ZA,Az¸ Z¸ahirah,ZA
OM,OM-ZU,Dhofar,ZU
PA,PA-,Panama,
PA,PA-1,Bocas del Toro,BC
PA,PA-2,Coclé,CC
PA,PA-3,Colón,CL
PA,PA-4,Chiriquí,CH
PA,PA-5,Darién,DR
PA,PA-6,Herrera,HE
PA,PA-7,Los Santos,LS
PA,PA-8,Panamá,PN
PA,PA-9,Veraguas,VR
PA,PA-EM,Emberá,EM
PA,PA-KY,Kuna Yala,KY
PA,PA-NB,Ngäbe-Buglé,NB
PE,PE-,Peru,
PE,PE-AMA,Amazonas,AMA
PE,PE-ANC,Ancash,ANC
PE,PE-APU,Apurímac,APU
PE,PE-ARE,Arequipa,ARE
PE,PE-AYA,Ayacucho,AYA
PE,PE-CAJ,Cajamarca,CAJ
PE,PE-CAL,El Callao,CAL
PE,PE-CUS,Cuzco [Cusco],CUS
PE,PE-HUC,Huánuco,HUC
PE,PE-HUV,Huancavelica,HUV
PE,PE-ICA,Ica,ICA
PE,PE-JUN,Junín,JUN
PE,PE-LAL,La Libertad,LAL
PE,PE-LAM,Lambayeque,LAM
PE,PE-LIM,Lima,LIM
PE,PE-LOR,Loreto,LOR
PE,PE-MDD,Madre de Dios,MDD
PE,PE-MOQ,Moquegua,MOQ
PE,PE-PAS,Pasco,PAS
PE,PE-PIU,Piura,PIU
PE,PE-PUN,Puno,PUN
PE,PE-SAM,San Martín,SAM
PE,PE-TAC,Tacna,TAC
PE,PE-TUM,Tumbes,TUM
PE,PE-UCA,Ucayali,UCA
PF,PF-,French Polynesia,
PF,PF-LI,Leeward Islands,
PF,PF-MI,Marquesas Islands,
PF,PF-TG,Tuamotu-Gambier,
PF,PF-TI,Austral Islands,
PF,PF-WI,Windward Islands,
PG,PG-,Papua New Guinea,
PG,PG-CPK,Chimbu,CPK
PG,PG-CPM,Central,CPM
PG,PG-EBR,East New Britain,EBR
PG,PG-EHG,Eastern Highlands,EHG
PG,PG-EPW,Enga,EPW
PG,PG-ESW,East Sepik,ESW
PG,PG-GPK,Gulf,GPK
PG,PG-MBA,Milne Bay,MBA
PG,PG-MPL,Morobe,MPL
PG,PG-MPM,Madang,MPM
PG,PG-MRL,Manus,MRL
PG,PG-NCD,National Capital District (Port Moresby),NCD
PG,PG-NIK,New Ireland,NIK
PG,PG-NPP,Northern,NPP
PG,PG-NSA,North Solomons (Bougainville),NSA
PG,PG-SAN,Sandaun (West Sepik),SAN
PG,PG-SHM,Southern Highlands,SHM
PG,PG-WBK,West New Britain,WBK
PG,PG-WHM,Western Highlands,WHM
PG,PG-WPD,Western,WPD
PH,PH-,Philippines,
PH,PH-00,National Capital Region (Manila),00
PH,PH-ABR,Abra,ABR
PH,PH-AGN,Agusan del Norte,AGN
PH,PH-AGS,Agusan del Sur,AGS
PH,PH-AKL,Aklan,AKL
PH,PH-ALB,Albay,ALB
PH,PH-ANT,Antique,ANT
PH,PH-APA,Apayao,APA
PH,PH-AUR,Aurora,AUR
PH,PH-BAN,Bataan,BAN
PH,PH-BAS,Basilan,BAS
PH,PH-BEN,Benguet,BEN
PH,PH-BIL,Biliran,BIL
PH,PH-BOH,Bohol,BOH
PH,PH-BTG,Batangas,BTG
PH,PH-BTN,Batanes,BTN
PH,PH-BUK,Bukidnon,BUK
PH,PH-BUL,Bulacan,BUL
PH,PH-CAG,Cagayan,CAG
PH,PH-CAM,Camiguin,CAM
PH,PH-CAN,Camarines Norte,CAN
PH,PH-CAP,Capiz,CAP
PH,PH-CAS,Camarines Sur,CAS
PH,PH-CAT,Catanduanes,CAT
PH,PH-CAV,Cavite,CAV
PH,PH-CEB,Cebu,CEB
PH,PH-COM,Compostela Valley,COM
PH,PH-DAC,Davao Occidental,DAC
PH,PH-DAO,Davao Oriental,DAO
PH,PH-DAS,Davao del Sur,DAS
PH,PH-DAV,Davao del Norte,DAV
PH,PH-DIN,Dinagat Islands,DIN
PH,PH-EAS,Eastern Samar,EAS
PH,PH-GUI,Guimaras,GUI
PH,PH-IFU,Ifugao,IFU
PH,PH-ILI,Iloilo,ILI
PH,PH-ILN,Ilocos Norte,ILN
PH,PH-ILS,Ilocos Sur,ILS
PH,PH-ISA,Isabela,ISA
PH,PH-KAL,Kalinga,KAL
PH,PH-LAG,Laguna,LAG
PH,PH-LAN,Lanao del Norte,LAN
PH,PH-LAS,Lanao del Sur,LAS
PH,PH-LEY,Leyte,LEY
PH,PH-LUN,La Union,LUN
PH,PH-MAD,Marinduque,MAD
PH,PH-MAG,Maguindanao,MAG
PH,PH-MAS,Masbate,MAS
PH,PH-MDC,Occidental Mindoro,MDC
PH,PH-MDR,Oriental Mindoro,MDR
PH,PH-MOU,Mountain Province,MOU
PH,PH-MSC,Misamis Occidental,MSC
PH,PH-MSR,Misamis Oriental,MSR
PH,PH-NCO,Cotabato,NCO
PH,PH-NEC,Negros Occidental,NEC
PH,PH-NER,Negros Oriental,NER
PH,PH-NSA,Northern Samar,NSA
PH,PH-NUE,Nueva Ecija,NUE
PH,PH-NUV,Nueva Vizcaya,NUV
PH,PH-PAM,Pampanga,PAM
PH,PH-PAN,Pangasinan,PAN
PH,PH-PLW,Palawan,PLW
PH,PH-QUE,Quezon,QUE
PH,PH-QUI,Quirino,QUI
PH,PH-RIZ,Rizal,RIZ
PH,PH-ROM,Romblon,ROM
PH,PH-SAR,Sarangani,SAR
PH,PH-SCO,South Cotabato,SCO
PH,PH-SIG,Siquijor,SIG
PH,PH-SLE,Southern Leyte,SLE
PH,PH-SLU,Sulu,SLU
PH,PH-SOR,Sorsogon,SOR
PH,PH-SUK,Sultan Kudarat,SUK
PH,PH-SUN,Surigao del Norte,SUN
PH,PH-SUR,Surigao del Sur,SUR
PH,PH-TAR,Tarlac,TAR
PH,PH-TAW,Tawi-Tawi,TAW
PH,PH-WSA,Samar,WSA
PH,PH-ZAN,Zamboanga del Norte,ZAN
PH,PH-ZAS,Zamboanga del Sur,ZAS
PH,PH-ZMB,Zambales,ZMB
PH,PH-ZSI,Zamboanga Sibugay,ZSI
PK,PK-,Pakistan,
PK,PK-BA,Baluchistan,BA
PK,PK-IS,Islamabad,IS
PK,PK-JK,Azad Kashmir,JK
PK,PK-NA,Northern Areas,NA
PK,PK-NW,North-West Frontier,NW
PK,PK-PB,Punjab,PB
PK,PK-SD,Sind,SD
PK,PK-TA,Federally Administered Tribal Areas,TA
PL,PL-,Poland,
PL,PL-DS,Dolnoslaskie,DS
PL,PL-KP,Kujawsko-pomorskie,KP
PL,PL-LB,Lubuskie,LB
PL,PL-LD,Lódzkie,LD
PL,PL-LU,Lubelskie,LU
PL,PL-MA,Malopolskie,MA
PL,PL-MZ,Mazowieckie,MZ
PL,PL-OP,Opolskie,OP
PL,PL-PD,Podlaskie,PD
PL,PL-PK,Podkarpackie,PK
PL,PL-PM,Pomorskie,PM
PL,PL-SK,Swietokrzyskie,SK
PL,PL-SL,Slaskie,SL
PL,PL-WN,Warminsko-mazurskie,WN
PL,PL-WP,Wielkopolskie,WP
PL,PL-ZP,Zachodniopomorskie,ZP
PM,PM-,Saint Pierre and Miquelon,
PN,PN-,Pitcairn Islands,
PR,PR-,Puerto Rico,
PR,PR-AB,Aguas Buenas,AB
PR,PR-AC,Arecibo,AC
PR,PR-AD,Aguada,AD
PR,PR-AI,Aibonito,AI
PR,PR-AJ,Adjuntas,AJ
PR,PR-AL,Aguadilla,AL
PR,PR-AN,Añasco,AN
PR,PR-AR,Arroyo,AR
PR,PR-BC,Barceloneta,BC
PR,PR-BQ,Barranquitas,BQ
PR,PR-BY,Bayamón,BY
PR,PR-CA,Camuy,CA
PR,PR-CB,Ceiba,CB
PR,PR-CD,Cidra,CD
PR,PR-CG,Caguas,CG
PR,PR-CL,Ciales,CL
PR,PR-CM,Comerío,CM
PR,PR-CN,Carolina,CN
PR,PR-CO,Coamo,CO
PR,PR-CR,Cabo Rojo,CR
PR,PR-CT,Cataño,CT
PR,PR-CU,Culebra,
PR,PR-CV,Canóvanas,CV
PR,PR-CY,Cayey,CY
PR,PR-CZ,Corozal,CZ
PR,PR-DO,Dorado,DO
PR,PR-FJ,Fajardo,FJ
PR,PR-FL,Florida,FL
PR,PR-GB,Guaynabo,GB
PR,PR-GC,Guánica,GC
PR,PR-GL,Guayanilla,GL
PR,PR-GM,Guayama,GM
PR,PR-GR,Gurabo,GR
PR,PR-HA,Hatillo,HA
PR,PR-HO,Hormigueros,HO
PR,PR-HU,Humacao,HU
PR,PR-IS,Isabela,IS
PR,PR-JC,Juncos,JC
PR,PR-JD,Juana Díaz,JD
PR,PR-JY,Jayuya,JY
PR,PR-LJ,Lajas,LJ
PR,PR-LM,Las Marías,LM
PR,PR-LP,Las Piedras,LP
PR,PR-LQ,Luquillo,LQ
PR,PR-LR,Lares,LR
PR,PR-LZ,Loíza,LZ
PR,PR-MB,Maunabo,MB
PR,PR-MC,Moca,MC
PR,PR-MG,Mayagüez,MG
PR,PR-MR,Maricao,MR
PR,PR-MT,Manatí,MT
PR,PR-MV,Morovis,MV
PR,PR-NG,Naguabo,NG
PR,PR-NR,Naranjito,NR
PR,PR-OR,Orocovis,OR
PR,PR-PN,Peñuelas,PN
PR,PR-PO,Ponce,PO
PR,PR-PT,Patillas,PT
PR,PR-QB,Quebradillas,QB
PR,PR-RC,Rincón,RC
PR,PR-RG,Río Grande,RG
PR,PR-SA,Salinas,SA
PR,PR-SB,Sabana Grande,SB
PR,PR-SG,San Germán,SG
PR,PR-SI,Santa Isabel,SI
PR,PR-SJ,San Juan,SJ
PR,PR-SL,San Lorenzo,SL
PR,PR-SS,San Sebastián,SS
PR,PR-TA,Toa Alta,TA
PR,PR-TB,Toa Baja,TB
PR,PR-TJ,Trujillo Alto,TJ
PR,PR-UT,Utuado,UT
PR,PR-VA,Vega Alta,VA
PR,PR-VB,Vega Baja,VB
PR,PR-VL,Villalba,VL
PR,PR-VQ,Vieques,
PR,PR-YB,Yabucoa,YB
PR,PR-YU,Yauco,YU
PS,PS-,Palestinian Territory,
PT,PT-,Portugal,
PT,PT-01,Aveiro,01
PT,PT-02,Beja,02
PT,PT-03,Braga,03
PT,PT-04,Bragança,04
PT,PT-05,Castelo Branco,05
PT,PT-06,Coimbra,06
PT,PT-07,Évora,07
PT,PT-08,Faro,08
PT,PT-09,Guarda,09
PT,PT-10,Leiria,10
PT,PT-11,Lisboa,11
PT,PT-12,Portalegre,12
PT,PT-13,Porto,13
PT,PT-14,Santarém,14
PT,PT-15,Setúbal,15
PT,PT-16,Viana do Castelo,16
PT,PT-17,Vila Real,17
PT,PT-18,Viseu,18
PT,PT-20,Região Autónoma dos Açores,20
PT,PT-30,Região Autónoma da Madeira,30
PW,PW-,Palau,
PW,PW-002,Aimeliik,002
PW,PW-004,Airai,004
PW,PW-010,Angaur,010
PW,PW-050,Hatobohei,050
PW,PW-100,Kayangel,100
PW,PW-150,Koror,150
PW,PW-212,Melekeok,212
PW,PW-214,Ngaraard,214
PW,PW-218,Ngarchelong,218
PW,PW-222,Ngardmau,222
PW,PW-224,Ngatpang,224
PW,PW-226,Ngchesar,226
PW,PW-227,Ngeremlengui,227
PW,PW-228,Ngiwal,228
PW,PW-350,Peleliu,350
PW,PW-370,Sonsorol,370
PY,PY-,Paraguay,
PY,PY-1,Concepción,CN
PY,PY-10,Alto Paraná,AA
PY,PY-11,Central,CE
PY,PY-12,Ñeembucú,NE
PY,PY-13,Amambay,AM
PY,PY-14,Canindeyú,CY
PY,PY-15,Presidente Hayes,PH
PY,PY-16,Alto Paraguay,AG
PY,PY-19,Boquerón,BQ
PY,PY-2,San Pedro,SP
PY,PY-3,Cordillera,CR
PY,PY-4,Guairá,GU
PY,PY-5,Caaguazú,CG
PY,PY-6,Caazapá,CZ
PY,PY-7,Itapúa,IT
PY,PY-8,Misiones,MI
PY,PY-9,Paraguarí,PG
PY,PY-ASU,Asunción,ASU
QA,QA-,Qatar,
QA,QA-DA,Ad Dawhah,DA
QA,QA-GH,Al Ghuwayriyah,GH
QA,QA-JB,Jariyan al Batnah,JB
QA,QA-JU,Al Jumayliyah,JU
QA,QA-KH,Al Khawr,KH
QA,QA-MS,Madinat ash Shamal,MS
QA,QA-RA,Ar Rayyan,RA
QA,QA-US,Umm Salal,US
QA,QA-WA,Al Wakrah,WA
RE,RE-,Réunion,
RO,RO-,Romania,
RO,RO-AB,Alba,AB
RO,RO-AG,Arges,AG
RO,RO-AR,Arad,AR
RO,RO-B,Bucuresti,B
RO,RO-BC,Bacau,BC
RO,RO-BH,Bihor,BH
RO,RO-BN,Bistrita-Nasaud,BN
RO,RO-BR,Braila,BR
RO,RO-BT,Botosani,BT
RO,RO-BV,Brasov,BV
RO,RO-BZ,Buzau,BZ
RO,RO-CJ,Cluj,CJ
RO,RO-CL,Calarasi,CL
RO,RO-CS,Caras-Severin,CS
RO,RO-CT,Constanta,CT
RO,RO-CV,Covasna,CV
RO,RO-DB,Dâmbovita,DB
RO,RO-DJ,Dolj,DJ
RO,RO-GJ,Gorj,GJ
RO,RO-GL,Galati,GL
RO,RO-GR,Giurgiu,GR
RO,RO-HD,Hunedoara,HD
RO,RO-HR,Harghita,HR
RO,RO-IF,Ilfov,IF
RO,RO-IL,Ialomita,IL
RO,RO-IS,Iasi,IS
RO,RO-MH,Mehedinti,MH
RO,RO-MM,Maramures,MM
RO,RO-MS,Mures,MS
RO,RO-NT,Neamt,NT
RO,RO-OT,Olt,OT
RO,RO-PH,Prahova,PH
RO,RO-SB,Sibiu,SB
RO,RO-SJ,Salaj,SJ
RO,RO-SM,Satu Mare,SM
RO,RO-SV,Suceava,SV
RO,RO-TL,Tulcea,TL
RO,RO-TM,Timis,TM
RO,RO-TR,Teleorman,TR
RO,RO-VL,Vâlcea,VL
RO,RO-VN,Vrancea,VN
RO,RO-VS,Vaslui,VS
RS,RS-,Serbia,
RS,RS-00,Beograd,00
RS,RS-08,Macva,08
RS,RS-09,Kolubara,09
RS,RS-10,Podunavlje,10
RS,RS-11,Branicevo,11
RS,RS-12,Šumadija,12
RS,RS-13,Pomoravlje,13
RS,RS-14,Bor,14
RS,RS-15,Zajecar,15
RS,RS-16,Zlatibor,16
RS,RS-17,Moravica,17
RS,RS-18,Raška,18
RS,RS-19,Rasina,19
RS,RS-20,Nišava,20
RS,RS-21,Toplica,21
RS,RS-22,Pirot,22
RS,RS-23,Jablanica,23
RS,RS-24,Pcinja,24
RS,RS-VO,Vojvodina,VO
RU,RU-,Russia,
RU,RU-AD,"Adygeya, Respublika",AD
RU,RU-AGB,Aginskiy Buryatskiy avtonomnyy okrug,AGB
RU,RU-AL,"Altay, Respublika",AL
RU,RU-ALT,Altayskiy kray,ALT
RU,RU-AMU,Amurskaya oblast',AMU
RU,RU-ARK,Arhangel'skaja oblast',ARK
RU,RU-AST,Astrahanskaja oblast',AST
RU,RU-BA,"Baškortostan, Respublika",BA
RU,RU-BEL,Belgorodskaya oblast',BEL
RU,RU-BRY,Bryanskaya oblast',BRY
RU,RU-BU,"Buryatiya, Respublika",BU
RU,RU-CE,Cecenskaja Respublika,CE
RU,RU-CHE,Celjabinskaja oblast',CHE
RU,RU-CHI,Citinskaja oblast',CHI
RU,RU-CHU,Cukotskij avtonomnyj okrug,CHU
RU,RU-CU,Cuvašskaja Respublika,CU
RU,RU-DA,"Dagestan, Respublika",DA
RU,RU-IN,"Ingušetija, Respublika",IN
RU,RU-IRK,Irkutskaya oblast',IRK
RU,RU-IVA,Ivanovskaya oblast',IVA
RU,RU-KAM,Kamcatskij kraj,KAM
RU,RU-KB,Kabardino-Balkarskaya Respublika,KB
RU,RU-KC,Karacajevo-Cerkesskaja Respublika,KC
RU,RU-KDA,Krasnodarskiy kray,KDA
RU,RU-KEM,Kemerovskaya oblast',KEM
RU,RU-KGD,Kaliningradskaya oblast',KGD
RU,RU-KGN,Kurganskaya oblast',KGN
RU,RU-KHA,Habarovskij kraj,KHA
RU,RU-KHM,Hanty-Mansijskij avtonomnyj okrug-Jugra,KHM
RU,RU-KIR,Kirovskaya oblast',KIR
RU,RU-KK,"Hakasija, Respublika",KK
RU,RU-KL,"Kalmykiya, Respublika",KL
RU,RU-KLU,Kalužskaja oblast',KLU
RU,RU-KO,"Komi, Respublika",KO
RU,RU-KOS,Kostromskaya oblast',KOS
RU,RU-KR,"Kareliya, Respublika",KR
RU,RU-KRS,Kurskaya oblast',KRS
RU,RU-KYA,Krasnoyarskiy kray,KYA
RU,RU-LEN,Leningradskaya oblast',LEN
RU,RU-LIP,Lipetskaya oblast',LIP
RU,RU-MAG,Magadanskaya oblast',MAG
RU,RU-ME,"Mariy El, Respublika",ME
RU,RU-MO,"Mordoviya, Respublika",MO
RU,RU-MOS,Moskovskaya oblast',MOS
RU,RU-MOW,Moskva,MOW
RU,RU-MUR,Murmanskaya oblast',MUR
RU,RU-NEN,Nenetskiy avtonomnyy okrug,NEN
RU,RU-NGR,Novgorodskaya oblast',NGR
RU,RU-NIZ,Nižegorodskaja oblast',NIZ
RU,RU-NVS,Novosibirskaya oblast',NVS
RU,RU-OMS,Omskaya oblast',OMS
RU,RU-ORE,Orenburgskaya oblast',ORE
RU,RU-ORL,Orlovskaya oblast',ORL
RU,RU-PER,Permskiy kray,PER
RU,RU-PNZ,Penzenskaya oblast',PNZ
RU,RU-PRI,Primorskiy kray,PRI
RU,RU-PSK,Pskovskaya oblast',PSK
RU,RU-ROS,Rostovskaya oblast',ROS
RU,RU-RYA,Ryazanskaya oblast',RYA
RU,RU-SA,"Sakha, Respublika",SA
RU,RU-SAK,Sakhalinskaja oblast',SAK
RU,RU-SAM,Samarskaya oblast',SAM
RU,RU-SAR,Saratovskaya oblast',SAR
RU,RU-SE,"Severnaya Osetiya- Alaniya, Respublika",SE
RU,RU-SMO,Smolenskaya oblast',SMO
RU,RU-SPE,Sankt-Peterburg,SPE
RU,RU-STA,Stavropol'skiy kray,STA
RU,RU-SVE,Sverdlovskaya oblast',SVE
RU,RU-TA,"Tatarstan, Respublika",TA
RU,RU-TAM,Tambovskaya oblast',TAM
RU,RU-TOM,Tomskaya oblast',TOM
RU,RU-TUL,Tul'skaya oblast',TUL
RU,RU-TVE,Tverskaya oblast',TVE
RU,RU-TY,"Tuva, Respublika",TY
RU,RU-TYU,Tyumenskaya oblast',TYU
RU,RU-UD,Udmurtskaya Respublika,UD
RU,RU-ULY,Ul'yanovskaya oblast',ULY
RU,RU-UOB,Ust'-Ordynskiy Buryatskiy avtonomnyy okrug,UOB
RU,RU-VGG,Volgogradskaya oblast',VGG
RU,RU-VLA,Vladimirskaya oblast',VLA
RU,RU-VLG,Vologodskaya oblast',VLG
RU,RU-VOR,Voronežskaja oblast',VOR
RU,RU-YAN,Yamalo-Nenetskiy avtonomnyy okrug,YAN
RU,RU-YAR,Yaroslavskaya oblast',YAR
RU,RU-YEV,Evrejskaja avtonomnaja oblast',YEV
RW,RW-,Rwanda,
RW,RW-01,Ville de Kigali,01
RW,RW-02,Est,02
RW,RW-03,Nord,03
RW,RW-04,Ouest,04
RW,RW-05,Sud,05
SA,SA-,Saudi Arabia,
SA,SA-01,Ar Riyad,01
SA,SA-02,Makkah,02
SA,SA-03,Al Madinah,03
SA,SA-04,Ash Sharqiyah,04
SA,SA-05,Al Qasim,05
SA,SA-06,Ha'il,06
SA,SA-07,Tabuk,07
SA,SA-08,Al Hudud ash Shamaliyah,08
SA,SA-09,Jizan,09
SA,SA-10,Najran,10
SA,SA-11,Al Bahah,11
SA,SA-12,Al Jawf,12
SA,SA-14,‘Asir,14
SB,SB-,Solomon Islands,
SB,SB-CE,Central,CE
SB,SB-CH,Choiseul,CH
SB,SB-CT,Capital Territory (Honiara),CT
SB,SB-GU,Guadalcanal,GU
SB,SB-IS,Isabel,IS
SB,SB-MK,Makira-Ulawa,MK
SB,SB-ML,Malaita,ML
SB,SB-RB,Rennell and Bellona,RB
SB,SB-TE,Temotu,TE
SB,SB-WE,Western,WE
SC,SC-,Seychelles,
SC,SC-01,Anse aux Pins,01
SC,SC-02,Anse Boileau,02
SC,SC-03,Anse Étoile,03
SC,SC-04,Anse Louis,04
SC,SC-05,Anse Royale,05
SC,SC-06,Baie Lazare,06
SC,SC-07,Baie Sainte Anne,07
SC,SC-08,Beau Vallon,08
SC,SC-09,Bel Air,09
SC,SC-10,Bel Ombre,10
SC,SC-11,Cascade,11
SC,SC-12,Glacis,12
SC,SC-13,Grand' Anse (Mahé),13
SC,SC-14,Grand' Anse (Praslin),14
SC,SC-15,La Digue,15
SC,SC-16,La Rivière Anglaise,16
SC,SC-17,Mont Buxton,17
SC,SC-18,Mont Fleuri,18
SC,SC-19,Plaisance,19
SC,SC-20,Pointe La Rue,20
SC,SC-21,Port Glaud,21
SC,SC-22,Saint Louis,22
SC,SC-23,Takamaka,23
SD,SD-,Sudan,
SD,SD-DN,North Darfur,DN
SD,SD-DS,South Darfur,DS
SD,SD-DW,West Darfur,DW
SD,SD-GD,Gedaref,GD
SD,SD-GZ,Gezira,GZ
SD,SD-KA,Kassala,KA
SD,SD-KH,Khartoum,KH
SD,SD-KN,North Kordofan,KN
SD,SD-KS,South Kordofan,KS
SD,SD-NB,Blue Nile,NB
SD,SD-NO,Northern,NO
SD,SD-NR,River Nile,NR
SD,SD-NW,White Nile,NW
SD,SD-RS,Red Sea,RS
SD,SD-SI,Sennar,SI
SE,SE-,Sweden,
SE,SE-AB,Stockholms län [SE-01],AB
SE,SE-AC,Västerbottens län [SE-24],AC
SE,SE-BD,Norrbottens län [SE-25],BD
SE,SE-C,Uppsala län [SE-03],C
SE,SE-D,Södermanlands län [SE-04],D
SE,SE-E,Östergötlands län [SE-05],E
SE,SE-F,Jönköpings län [SE-06],F
SE,SE-G,Kronobergs län [SE-07],G
SE,SE-H,Kalmar län [SE-08],H
SE,SE-I,Gotlands län [SE-09],I
SE,SE-K,Blekinge län [SE-10],K
SE,SE-M,Skåne län [SE-12],M
SE,SE-N,Hallands län [SE-13],N
SE,SE-O,Västra Götalands län [SE-14],O
SE,SE-S,Värmlands län [SE-17],S
SE,SE-T,Örebro län [SE-18],T
SE,SE-U,Västmanlands län [SE-19],U
SE,SE-W,Dalarnas län [SE-20],W
SE,SE-X,Gävleborgs län [SE-21],X
SE,SE-Y,Västernorrlands län [SE-22],Y
SE,SE-Z,Jämtlands län [SE-23],Z
SG,SG-,Singapore,
SH,SH-,"Saint Helena, Ascension, and Tristan da Cunha",
SH,SH-AC,Ascension,AC
SH,SH-SH,Saint Helena,SH
SH,SH-TA,Tristan da Cunha,TA
SI,SI-,Slovenia,
SI,SI-001,Ajdovšcina,001
SI,SI-002,Beltinci,002
SI,SI-003,Bled,003
SI,SI-004,Bohinj,004
SI,SI-005,Borovnica,005
SI,SI-006,Bovec,006
SI,SI-007,Brda,007
SI,SI-008,Brezovica,008
SI,SI-009,Brežice,009
SI,SI-010,Tišina,010
SI,SI-011,Celje (urbane commune),011
SI,SI-012,Cerklje na Gorenjskem,012
SI,SI-013,Cerknica,013
SI,SI-014,Cerkno,014
SI,SI-015,Crenšovci,015
SI,SI-016,Crna na Koroškem,016
SI,SI-017,Crnomelj,017
SI,SI-018,Destrnik,018
SI,SI-019,Divaca,019
SI,SI-020,Dobrepolje,020
SI,SI-021,Dobrova-Horjul-Polhov Gradec,021
SI,SI-022,Dol pri Ljubljani,022
SI,SI-023,Domžale,023
SI,SI-024,Dornava,024
SI,SI-025,Dravograd,025
SI,SI-026,Duplek,026
SI,SI-027,Gorenja vas-Poljane,027
SI,SI-028,Gorišnica,028
SI,SI-029,Gornja Radgona,029
SI,SI-030,Gornji Grad,030
SI,SI-031,Gornji Petrovci,031
SI,SI-032,Grosuplje,032
SI,SI-033,Šalovci,033
SI,SI-034,Hrastnik,034
SI,SI-035,Hrpelje-Kozina,035
SI,SI-036,Idrija,036
SI,SI-037,Ig,037
SI,SI-038,Ilirska Bistrica,038
SI,SI-039,Ivancna Gorica,039
SI,SI-040,Izola/Isola,040
SI,SI-041,Jesenice,041
SI,SI-042,Juršinci,042
SI,SI-043,Kamnik,043
SI,SI-044,Kanal,044
SI,SI-045,Kidricevo,045
SI,SI-046,Kobarid,046
SI,SI-047,Kobilje,047
SI,SI-048,Kocevje,048
SI,SI-049,Komen,049
SI,SI-050,Koper/Capodistria (urbane commune),050
SI,SI-051,Kozje,051
SI,SI-052,Kranj (urbane commune),052
SI,SI-053,Kranjska Gora,053
SI,SI-054,Krško,054
SI,SI-055,Kungota,055
SI,SI-056,Kuzma,056
SI,SI-057,Laško,057
SI,SI-058,Lenart,058
SI,SI-059,Lendava,059
SI,SI-060,Litija,060
SI,SI-061,Ljubljana (urbane commune),061
SI,SI-062,Ljubno,062
SI,SI-063,Ljutomer,063
SI,SI-064,Logatec,064
SI,SI-065,Loška Dolina,065
SI,SI-066,Loški Potok,066
SI,SI-067,Luce,067
SI,SI-068,Lukovica,068
SI,SI-069,Majšperk,069
SI,SI-070,Maribor (urbane commune),070
SI,SI-071,Medvode,071
SI,SI-072,Mengeš,072
SI,SI-073,Metlika,073
SI,SI-074,Mežica,074
SI,SI-075,Miren-Kostanjevica,075
SI,SI-076,Mislinja,076
SI,SI-077,Moravce,077
SI,SI-078,Moravske Toplice,078
SI,SI-079,Mozirje,079
SI,SI-080,Murska Sobota (urbane commune),080
SI,SI-081,Muta,081
SI,SI-082,Naklo,082
SI,SI-083,Nazarje,083
SI,SI-084,Nova Gorica (urbane commune),084
SI,SI-085,Novo Mesto (urbane commune),085
SI,SI-086,Odranci,086
SI,SI-087,Ormož,087
SI,SI-088,Osilnica,088
SI,SI-089,Pesnica,089
SI,SI-090,Piran,090
SI,SI-091,Pivka,091
SI,SI-092,Podcetrtek,092
SI,SI-093,Podvelka,093
SI,SI-094,Postojna,094
SI,SI-095,Preddvor,095
SI,SI-096,Ptuj (urbane commune),096
SI,SI-097,Puconci,097
SI,SI-098,Race-Fram,098
SI,SI-099,Radece,099
SI,SI-100,Radenci,100
SI,SI-101,Radlje ob Dravi,101
SI,SI-102,Radovljica,102
SI,SI-103,Ravne na Koroškem,103
SI,SI-104,Ribnica,104
SI,SI-105,Rogašovci,105
SI,SI-106,Rogaška Slatina,106
SI,SI-107,Rogatec,107
SI,SI-108,Ruše,108
SI,SI-109,Semic,109
SI,SI-110,Sevnica,110
SI,SI-111,Sežana,111
SI,SI-112,Slovenj Gradec (urbane commune),112
SI,SI-113,Slovenska Bistrica,113
SI,SI-114,Slovenske Konjice,114
SI,SI-115,Starše,115
SI,SI-116,Sveti Jurij,116
SI,SI-117,Šencur,117
SI,SI-118,Šentilj,118
SI,SI-119,Šentjernej,119
SI,SI-120,Šentjur pri Celju,120
SI,SI-121,Škocjan,121
SI,SI-122,Škofja Loka,122
SI,SI-123,Škofljica,123
SI,SI-124,Šmarje pri Jelšah,124
SI,SI-125,Šmartno ob Paki,125
SI,SI-126,Šoštanj,126
SI,SI-127,Štore,127
SI,SI-128,Tolmin,128
SI,SI-129,Trbovlje,129
SI,SI-130,Trebnje,130
SI,SI-131,Tržic,131
SI,SI-132,Turnišce,132
SI,SI-133,Velenje (urbane commune),133
SI,SI-134,Velike Lašce,134
SI,SI-135,Videm,135
SI,SI-136,Vipava,136
SI,SI-137,Vitanje,137
SI,SI-138,Vodice,138
SI,SI-139,Vojnik,139
SI,SI-140,Vrhnika,140
SI,SI-141,Vuzenica,141
SI,SI-142,Zagorje ob Savi,142
SI,SI-143,Zavrc,143
SI,SI-144,Zrece,144
SI,SI-146,Železniki,146
SI,SI-147,Žiri,147
SI,SI-148,Benedikt,148
SI,SI-149,Bistrica ob Sotli,149
SI,SI-150,Bloke,150
SI,SI-151,Braslovce,151
SI,SI-152,Cankova,152
SI,SI-153,Cerkvenjak,153
SI,SI-154,Dobje,154
SI,SI-155,Dobrna,155
SI,SI-156,Dobrovnik,156
SI,SI-157,Dolenjske Toplice,157
SI,SI-158,Grad,158
SI,SI-159,Hajdina,159
SI,SI-160,Hoce-Slivnica,160
SI,SI-161,Hodoš,161
SI,SI-162,Horjul,162
SI,SI-163,Jezersko,163
SI,SI-164,Komenda,164
SI,SI-165,Kostel,165
SI,SI-166,Križevci,166
SI,SI-167,Lovrenc na Pohorju,167
SI,SI-168,Markovci,168
SI,SI-169,Miklavž na Dravskem Polju,169
SI,SI-170,Mirna Pec,170
SI,SI-171,Oplotnica,171
SI,SI-172,Podlehnik,172
SI,SI-173,Polzela,173
SI,SI-174,Prebold,174
SI,SI-175,Prevalje,175
SI,SI-176,Razkrižje,176
SI,SI-177,Ribnica na Pohorju,177
SI,SI-178,Selnica ob Dravi,178
SI,SI-179,Sodražica,179
SI,SI-180,Solcava,180
SI,SI-181,Sveta Ana,181
SI,SI-182,Sveti Andraž v Slovenskih Goricah,182
SI,SI-183,Šempeter-Vrtojba,183
SI,SI-184,Tabor,184
SI,SI-185,Trnovska Vas,185
SI,SI-186,Trzin,186
SI,SI-187,Velika Polana,187
SI,SI-188,Veržej,188
SI,SI-189,Vransko,189
SI,SI-190,Žalec,190
SI,SI-191,Žetale,191
SI,SI-192,Žirovnica,192
SI,SI-193,Žužemberk,193
SI,SI-194,Šmartno pri Litiji,194
SJ,SJ-,Svalbard,
SK,SK-,Slovakia,
SK,SK-BC,Banskobystrický kraj,BC
SK,SK-BL,Bratislavský kraj,BL
SK,SK-KI,Košický kraj,KI
SK,SK-NI,Nitriansky kraj,NI
SK,SK-PV,Prešovský kraj,PV
SK,SK-TA,Trnavský kraj,TA
SK,SK-TC,Trenciansky kraj,TC
SK,SK-ZI,Žilinský kraj,ZI
SL,SL-,Sierra Leone,
SL,SL-E,Eastern,E
SL,SL-N,Northern,N
SL,SL-S,Southern,S
SL,SL-W,Western Area (Freetown),W
SM,SM-,San Marino,
SM,SM-01,Acquaviva,01
SM,SM-02,Chiesanuova,02
SM,SM-03,Domagnano,03
SM,SM-04,Faetano,04
SM,SM-05,Fiorentino,05
SM,SM-06,Borgo Maggiore,06
SM,SM-07,San Marino,07
SM,SM-08,Montegiardino,08
SM,SM-09,Serravalle,09
SN,SN-,Senegal,
SN,SN-DB,Diourbel,DB
SN,SN-DK,Dakar,DK
SN,SN-FK,Fatick,FK
SN,SN-KD,Kolda,KD
SN,SN-KL,Kaolack,KL
SN,SN-LG,Louga,LG
SN,SN-MT,Matam,MT
SN,SN-SL,Saint-Louis,SL
SN,SN-TC,Tambacounda,TC
SN,SN-TH,Thiès,TH
SN,SN-ZG,Ziguinchor,ZG
SO,SO-,Somalia,
SO,SO-AW,Awdal,AW
SO,SO-BK,Bakool,BK
SO,SO-BN,Banaadir,BN
SO,SO-BR,Bari,BR
SO,SO-BY,Bay,BY
SO,SO-GA,Galguduud,GA
SO,SO-GE,Gedo,GE
SO,SO-HI,Hiiraan,HI
SO,SO-JD,Jubbada Dhexe,JD
SO,SO-JH,Jubbada Hoose,JH
SO,SO-MU,Mudug,MU
SO,SO-NU,Nugaal,NU
SO,SO-SA,Sanaag,SA
SO,SO-SD,Shabeellaha Dhexe,SD
SO,SO-SH,Shabeellaha Hoose,SH
SO,SO-SO,Sool,SO
SO,SO-TO,Togdheer,TO
SO,SO-WO,Woqooyi Galbeed,WO
SR,SR-,Suriname,
SR,SR-BR,Brokopondo,BR
SR,SR-CM,Commewijne,CM
SR,SR-CR,Coronie,CR
SR,SR-MA,Marowijne,MA
SR,SR-NI,Nickerie,NI
SR,SR-PM,Paramaribo,PM
SR,SR-PR,Para,PR
SR,SR-SA,Saramacca,SA
SR,SR-SI,Sipaliwini,SI
SR,SR-WA,Wanica,WA
SS,SS-,South Sudan,
SS,SS-BN,Northern Bahr el Ghazal,BN
SS,SS-BW,Western Bahr el Ghazal,BW
SS,SS-EC,Central Equatoria,EC
SS,SS-EE,Eastern Equatoria,EE
SS,SS-EW,Western Equatoria,EW
SS,SS-JG,Jonglei,EW
SS,SS-LK,Lakes,LK
SS,SS-NU,Upper Nile,NU
SS,SS-UY,Unity,UY
SS,SS-WR,Warrap,WR
ST,ST-,São Tomé and Príncipe,
ST,ST-P,Príncipe,P
ST,ST-S,São Tomé,S
SV,SV-,El Salvador,
SV,SV-AH,Ahuachapán,AH
SV,SV-CA,Cabañas,CA
SV,SV-CH,Chalatenango,CH
SV,SV-CU,Cuscatlán,CU
SV,SV-LI,La Libertad,LI
SV,SV-MO,Morazán,MO
SV,SV-PA,La Paz,PA
SV,SV-SA,Santa Ana,SA
SV,SV-SM,San Miguel,SM
SV,SV-SO,Sonsonate,SO
SV,SV-SS,San Salvador,SS
SV,SV-SV,San Vicente,SV
SV,SV-UN,La Unión,UN
SV,SV-US,Usulután,US
SX,SX-,Sint Maarten,
SY,SY-,Syria,
SY,SY-DI,Dimashq,DI
SY,SY-DR,Dar‘a,DR
SY,SY-DY,Dayr az Zawr,DY
SY,SY-HA,Al Hasakah,HA
SY,SY-HI,Hims,HI
SY,SY-HL,Halab,HL
SY,SY-HM,Hamah,HM
SY,SY-ID,Idlib,ID
SY,SY-LA,Al Ladhiqiyah,LA
SY,SY-QU,Al Qunaytirah,QU
SY,SY-RA,Ar Raqqah,RA
SY,SY-RD,Rif Dimashq,RD
SY,SY-SU,As Suwayda',SU
SY,SY-TA,Tartus,TA
SZ,SZ-,Swaziland,
SZ,SZ-HH,Hhohho,HH
SZ,SZ-LU,Lubombo,LU
SZ,SZ-MA,Manzini,MA
SZ,SZ-SH,Shiselweni,SH
TC,TC-,Turks and Caicos Islands,
TD,TD-,Chad,
TD,TD-BA,Batha,BA
TD,TD-BET,Borkou-Ennedi-Tibesti,BET
TD,TD-CB,Chari-Baguirmi,CB
TD,TD-GR,Guéra,GR
TD,TD-HL,Hadjer Lamis,HL
TD,TD-KA,Kanem,KA
TD,TD-LC,Lac,LC
TD,TD-LO,Logone-Occidental,LO
TD,TD-LR,Logone-Oriental,LR
TD,TD-MA,Mandoul,MA
TD,TD-MC,Moyen-Chari,MC
TD,TD-ME,Mayo-Kébbi-Est,ME
TD,TD-MO,Mayo-Kébbi-Ouest,MO
TD,TD-ND,Ndjamena,ND
TD,TD-OD,Ouaddaï,OD
TD,TD-SA,Salamat,SA
TD,TD-TA,Tandjilé,TA
TD,TD-WF,Wadi Fira,WF
TF,TF-,French Southern and Antarctic Lands,
TG,TG-,Togo,
TG,TG-C,Centre,C
TG,TG-K,Kara,K
TG,TG-M,Maritime (Région),M
TG,TG-P,Plateaux,P
TG,TG-S,Savannes,S
TH,TH-,Thailand,
TH,TH-10,Krung Thep Maha Nakhon [Bangkok],10
TH,TH-11,Samut Prakan,11
TH,TH-12,Nonthaburi,12
TH,TH-13,Pathum Thani,13
TH,TH-14,Phra Nakhon Si Ayutthaya,14
TH,TH-15,Ang Thong,15
TH,TH-16,Lop Buri,16
TH,TH-17,Sing Buri,17
TH,TH-18,Chai Nat,18
TH,TH-19,Saraburi,19
TH,TH-20,Chon Buri,20
TH,TH-21,Rayong,21
TH,TH-22,Chanthaburi,22
TH,TH-23,Trat,23
TH,TH-24,Chachoengsao,24
TH,TH-25,Prachin Buri,25
TH,TH-26,Nakhon Nayok,26
TH,TH-27,Sa Kaeo,27
TH,TH-30,Nakhon Ratchasima,30
TH,TH-31,Buri Ram,31
TH,TH-32,Surin,32
TH,TH-33,Si Sa Ket,33
TH,TH-34,Ubon Ratchathani,34
TH,TH-35,Yasothon,35
TH,TH-36,Chaiyaphum,36
TH,TH-37,Amnat Charoen,37
TH,TH-39,Nong Bua Lam Phu,39
TH,TH-40,Khon Kaen,40
TH,TH-41,Udon Thani,41
TH,TH-42,Loei,42
TH,TH-43,Nong Khai,43
TH,TH-44,Maha Sarakham,44
TH,TH-45,Roi Et,45
TH,TH-46,Kalasin,46
TH,TH-47,Sakon Nakhon,47
TH,TH-48,Nakhon Phanom,48
TH,TH-49,Mukdahan,49
TH,TH-50,Chiang Mai,50
TH,TH-51,Lamphun,51
TH,TH-52,Lampang,52
TH,TH-53,Uttaradit,53
TH,TH-54,Phrae,54
TH,TH-55,Nan,55
TH,TH-56,Phayao,56
TH,TH-57,Chiang Rai,57
TH,TH-58,Mae Hong Son,58
TH,TH-60,Nakhon Sawan,60
TH,TH-61,Uthai Thani,61
TH,TH-62,Kamphaeng Phet,62
TH,TH-63,Tak,63
TH,TH-64,Sukhothai,64
TH,TH-65,Phitsanulok,65
TH,TH-66,Phichit,66
TH,TH-67,Phetchabun,67
TH,TH-70,Ratchaburi,70
TH,TH-71,Kanchanaburi,71
TH,TH-72,Suphan Buri,72
TH,TH-73,Nakhon Pathom,73
TH,TH-74,Samut Sakhon,74
TH,TH-75,Samut Songkhram,75
TH,TH-76,Phetchaburi,76
TH,TH-77,Prachuap Khiri Khan,77
TH,TH-80,Nakhon Si Thammarat,80
TH,TH-81,Krabi,81
TH,TH-82,Phangnga,82
TH,TH-83,Phuket,83
TH,TH-84,Surat Thani,84
TH,TH-85,Ranong,85
TH,TH-86,Chumphon,86
TH,TH-90,Songkhla,90
TH,TH-91,Satun,91
TH,TH-92,Trang,92
TH,TH-93,Phatthalung,93
TH,TH-94,Pattani,94
TH,TH-95,Yala,95
TH,TH-96,Narathiwat,96
TH,TH-S,Phatthaya,S
TJ,TJ-,Tajikistan,
TJ,TJ-GB,Kuhistoni Badakhshon,GB
TJ,TJ-KT,Khatlon,KT
TJ,TJ-SU,Sughd,SU
TK,TK-,Tokelau,
TL,TL-,Timor-Leste,
TL,TL-AL,Aileu,AL
TL,TL-AN,Ainaro,AN
TL,TL-BA,Baucau,BA
TL,TL-BO,Bobonaro,BO
TL,TL-CO,Cova Lima,CO
TL,TL-DI,Dili,DI
TL,TL-ER,Ermera,ER
TL,TL-LA,Lautem,LA
TL,TL-LI,Liquiça,LI
TL,TL-MF,Manufahi,MF
TL,TL-MT,Manatuto,MT
TL,TL-OE,Oecussi,OE
TL,TL-VI,Viqueque,VI
TM,TM-,Turkmenistan,
TM,TM-A,Ahal,A
TM,TM-B,Balkan,B
TM,TM-D,Dasoguz,D
TM,TM-L,Lebap,L
TM,TM-M,Mary,M
TN,TN-,Tunisia,
TN,TN-11,Tunis,11
TN,TN-12,L'Ariana,12
TN,TN-13,Ben Arous,13
TN,TN-14,La Manouba,14
TN,TN-21,Nabeul,21
TN,TN-22,Zaghouan,22
TN,TN-23,Bizerte,23
TN,TN-31,Béja,31
TN,TN-32,Jendouba,32
TN,TN-33,Le Kef,33
TN,TN-34,Siliana,34
TN,TN-41,Kairouan,41
TN,TN-42,Kasserine,42
TN,TN-43,Sidi Bouzid,43
TN,TN-51,Sousse,51
TN,TN-52,Monastir,52
TN,TN-53,Mahdia,53
TN,TN-61,Sfax,61
TN,TN-71,Gafsa,71
TN,TN-72,Tozeur,72
TN,TN-73,Kebili,73
TN,TN-81,Gabès,81
TN,TN-82,Medenine,82
TN,TN-83,Tataouine,83
TO,TO-,Tonga,
TO,TO-01,'Eua,01
TO,TO-02,Ha'apai,02
TO,TO-03,Niuas,03
TO,TO-04,Tongatapu,04
TO,TO-05,Vava'u,05
TR,TR-,Turkey,
TR,TR-01,Adana,01
TR,TR-02,Adıyaman,02
TR,TR-03,Afyon,03
TR,TR-04,Ağrı,04
TR,TR-05,Amasya,05
TR,TR-06,Ankara,06
TR,TR-07,Antalya,07
TR,TR-08,Artvin,08
TR,TR-09,Aydın,09
TR,TR-10,Balıkesir,10
TR,TR-11,Bilecik,11
TR,TR-12,Bingöl,12
TR,TR-13,Bitlis,13
TR,TR-14,Bolu,14
TR,TR-15,Burdur,15
TR,TR-16,Bursa,16
TR,TR-17,Çanakkale,17
TR,TR-18,Çankırı,18
TR,TR-19,Çorum,19
TR,TR-20,Denizli,20
TR,TR-21,Diyarbakır,21
TR,TR-22,Edirne,22
TR,TR-23,Elazığ,23
TR,TR-24,Erzincan,24
TR,TR-25,Erzurum,25
TR,TR-26,Eskişehir,26
TR,TR-27,Gaziantep,27
TR,TR-28,Giresun,28
TR,TR-29,Gümüşhane,29
TR,TR-30,Hakkari,30
TR,TR-31,Hatay,31
TR,TR-32,Isparta,32
TR,TR-33,Mersin,33
TR,TR-34,İstanbul,34
TR,TR-35,İzmir,35
TR,TR-36,Kars,36
TR,TR-37,Kastamonu,37
TR,TR-38,Kayseri,38
TR,TR-39,Kırklareli,39
TR,TR-40,Kırşehir,40
TR,TR-41,Kocaeli,41
TR,TR-42,Konya,42
TR,TR-43,Kütahya,43
TR,TR-44,Malatya,44
TR,TR-45,Manisa,45
TR,TR-46,K.Maraş,46
TR,TR-47,Mardin,47
TR,TR-48,Muğla,48
TR,TR-49,Muş,49
TR,TR-50,Nevşehir,50
TR,TR-51,Niğde,51
TR,TR-52,Ordu,52
TR,TR-53,Rize,53
TR,TR-54,Sakarya,54
TR,TR-55,Samsun,55
TR,TR-56,Siirt,56
TR,TR-57,Sinop,57
TR,TR-58,Sivas,58
TR,TR-59,Tekirdağ,59
TR,TR-60,Tokat,60
TR,TR-61,Trabzon,61
TR,TR-62,Tunceli,62
TR,TR-63,Şanlıurfa,63
TR,TR-64,Uşak,64
TR,TR-65,Van,65
TR,TR-66,Yozgat,66
TR,TR-67,Zonguldak,67
TR,TR-68,Aksaray,68
TR,TR-69,Bayburt,69
TR,TR-70,Karaman,70
TR,TR-71,Kırıkkale,71
TR,TR-72,Batman,72
TR,TR-73,Şırnak,73
TR,TR-74,Bartın,74
TR,TR-75,Ardahan,75
TR,TR-76,Iğdır,76
TR,TR-77,Yalova,77
TR,TR-78,Karabük,78
TR,TR-79,Kilis,79
TR,TR-80,Osmaniye,80
TR,TR-81,Düzce,81
TT,TT-,Trinidad and Tobago,
TT,TT-ARI,Arima,ARI
TT,TT-CHA,Chaguanas,CHA
TT,TT-CTT,Couva-Tabaquite-Talparo,CTT
TT,TT-DMN,Diego Martin,DMN
TT,TT-ETO,Eastern Tobago,ETO
TT,TT-PED,Penal-Debe,PED
TT,TT-POS,Port of Spain,POS
TT,TT-PRT,Princes Town,PRT
TT,TT-PTF,Point Fortin,PTF
TT,TT-RCM,Rio Claro-Mayaro,RCM
TT,TT-SFO,San Fernando,SFO
TT,TT-SGE,Sangre Grande,SGE
TT,TT-SIP,Siparia,SIP
TT,TT-SJL,San Juan-Laventille,SJL
TT,TT-TOB,Tobago,TOB
TT,TT-TUP,Tunapuna-Piarco,TUP
TT,TT-WTO,Western Tobago,WTO
TV,TV-,Tuvalu,
TV,TV-FUN,Funafuti,FUN
TV,TV-NIT,Niutao,NIT
TV,TV-NIU,Nui,NIU
TV,TV-NKF,Nukufetau,NKF
TV,TV-NKL,Nukulaelae,NKL
TV,TV-NMA,Nanumea,NMA
TV,TV-NMG,Nanumanga,NMG
TV,TV-VAI,Vaitupu,VAI
TW,TW-,Taiwan,
TW,TW-CHA,Changhua County,CHA
TW,TW-CYI,Chiayi City,CYI
TW,TW-CYQ,Chiayi County,CYQ
TW,TW-HSQ,Hsinchu County,HSQ
TW,TW-HSZ,Hsinchu City,HSZ
TW,TW-HUA,Hualien County,HUA
TW,TW-ILA,Yilan County,ILA
TW,TW-KEE,Keelung City,KEE
TW,TW-KHH,Kaohsiung City,KHH
TW,TW-KHQ,Kaohsiung County,KHQ
TW,TW-KIN,Kinmen County,KIN
TW,TW-LIE,Lienchiang County,LIE
TW,TW-MIA,Miaoli County,MIA
TW,TW-NAN,Nantou County,NAN
TW,TW-PEN,Penghu County,PEN
TW,TW-PIF,Pingtung County,PIF
TW,TW-TAO,Taoyuan City,TAO
TW,TW-TNN,Tainan City,TNN
TW,TW-TNQ,Tainan County,TNQ
TW,TW-TPE,Taipei City,TPE
TW,TW-TPQ,New Taipei City,TPQ
TW,TW-TTT,Taitung County,TTT
TW,TW-TXG,Taichung City,TXG
TW,TW-TXQ,Taichung County,TXQ
TW,TW-YUN,Yunlin County,YUN
TZ,TZ-,Tanzania,
TZ,TZ-01,Arusha,01
TZ,TZ-02,Dar es Salaam,02
TZ,TZ-03,Dodoma,03
TZ,TZ-04,Iringa,04
TZ,TZ-05,Kagera,05
TZ,TZ-06,Pemba North,06
TZ,TZ-07,Zanzibar North,07
TZ,TZ-08,Kigoma,08
TZ,TZ-09,Kilimanjaro,09
TZ,TZ-10,Pemba South,10
TZ,TZ-11,Zanzibar South,11
TZ,TZ-12,Lindi,12
TZ,TZ-13,Mara,13
TZ,TZ-14,Mbeya,14
TZ,TZ-15,Zanzibar West,15
TZ,TZ-16,Morogoro,16
TZ,TZ-17,Mtwara,17
TZ,TZ-18,Mwanza,18
TZ,TZ-19,Coast,19
TZ,TZ-20,Rukwa,20
TZ,TZ-21,Ruvuma,21
TZ,TZ-22,Shinyanga,22
TZ,TZ-23,Singida,23
TZ,TZ-24,Tabora,24
TZ,TZ-25,Tanga,25
TZ,TZ-26,Manyara,26
UA,UA-,Ukraine,
UA,UA-05,Vinnyts'ka Oblast',05
UA,UA-07,Volyns'ka Oblast',07
UA,UA-09,Luhans'ka Oblast',09
UA,UA-12,Dnipropetrovs'ka Oblast',12
UA,UA-14,Donets'ka Oblast',14
UA,UA-18,Zhytomyrs'ka Oblast',18
UA,UA-21,Zakarpats'ka Oblast',21
UA,UA-23,Zaporiz'ka Oblast',23
UA,UA-26,Ivano-Frankivs'ka Oblast',26
UA,UA-30,Kyïv,30
UA,UA-32,Kyïvs'ka Oblast',32
UA,UA-35,Kirovohrads'ka Oblast',35
UA,UA-40,Sevastopol',40
UA,UA-43,Respublika Krym,43
UA,UA-46,L'vivs'ka Oblast',46
UA,UA-48,Mykolaïvs'ka Oblast',48
UA,UA-51,Odes'ka Oblast',51
UA,UA-53,Poltavs'ka Oblast',53
UA,UA-56,Rivnens'ka Oblast',56
UA,UA-59,Sums'ka Oblast',59
UA,UA-61,Ternopil's'ka Oblast',61
UA,UA-63,Kharkivs'ka Oblast',63
UA,UA-65,Khersons'ka Oblast',65
UA,UA-68,Khmel'nyts'ka Oblast',68
UA,UA-71,Cherkas'ka Oblast',71
UA,UA-74,Chernihivs'ka Oblast',74
UA,UA-77,Chernivets'ka Oblast',77
UG,UG-,Uganda,
UG,UG-C,Central,C
UG,UG-E,Eastern,E
UG,UG-N,Northern,N
UG,UG-W,Western,W
UM,UM-,United States Minor Outlying Islands,
UM,UM-67,Johnston Atoll,67
UM,UM-71,Midway Islands,71
UM,UM-76,Navassa Island,76
UM,UM-79,Wake Island,79
UM,UM-81,Baker Island,81
UM,UM-84,Howland Island,84
UM,UM-86,Jarvis Island,86
UM,UM-89,Kingman Reef,89
UM,UM-95,Palmyra Atoll,95
US,US-,United States,
US,US-AK,Alaska,AK
US,US-AL,Alabama,AL
US,US-AR,Arkansas,AR
US,US-AZ,Arizona,AZ
US,US-CA,California,CA
US,US-CO,Colorado,CO
US,US-CT,Connecticut,CT
US,US-DC,District of Columbia,DC
US,US-DE,Delaware,DE
US,US-FL,Florida,FL
US,US-GA,Georgia,GA
US,US-HI,Hawaii,HI
US,US-IA,Iowa,IA
US,US-ID,Idaho,ID
US,US-IL,Illinois,IL
US,US-IN,Indiana,IN
US,US-KS,Kansas,KS
US,US-KY,Kentucky,KY
US,US-LA,Louisiana,LA
US,US-MA,Massachusetts,MA
US,US-MD,Maryland,MD
US,US-ME,Maine,ME
US,US-MI,Michigan,MI
US,US-MN,Minnesota,MN
US,US-MO,Missouri,MO
US,US-MS,Mississippi,MS
US,US-MT,Montana,MT
US,US-NC,North Carolina,NC
US,US-ND,North Dakota,ND
US,US-NE,Nebraska,NE
US,US-NH,New Hampshire,NH
US,US-NJ,New Jersey,NJ
US,US-NM,New Mexico,NM
US,US-NV,Nevada,NV
US,US-NY,New York,NY
US,US-OH,Ohio,OH
US,US-OK,Oklahoma,OK
US,US-OR,Oregon,OR
US,US-PA,Pennsylvania,PA
US,US-RI,Rhode Island,RI
US,US-SC,South Carolina,SC
US,US-SD,South Dakota,SD
US,US-TN,Tennessee,TN
US,US-TX,Texas,TX
US,US-UT,Utah,UT
US,US-VA,Virginia,VA
US,US-VT,Vermont,VT
US,US-WA,Washington,WA
US,US-WI,Wisconsin,WI
US,US-WV,West Virginia,WV
US,US-WY,Wyoming,WY
UY,UY-,Uruguay,
UY,UY-AR,Artigas,AR
UY,UY-CA,Canelones,CA
UY,UY-CL,Cerro Largo,CL
UY,UY-CO,Colonia,CO
UY,UY-DU,Durazno,DU
UY,UY-FD,Florida,FD
UY,UY-FS,Flores,FS
UY,UY-LA,Lavalleja,LA
UY,UY-MA,Maldonado,MA
UY,UY-MO,Montevideo,MO
UY,UY-PA,Paysandú,PA
UY,UY-RN,Río Negro,RN
UY,UY-RO,Rocha,RO
UY,UY-RV,Rivera,RV
UY,UY-SA,Salto,SA
UY,UY-SJ,San José,SJ
UY,UY-SO,Soriano,SO
UY,UY-TA,Tacuarembó,TA
UY,UY-TT,Treinta y Tres,TT
UZ,UZ-,Uzbekistan,
UZ,UZ-AN,Andijon,AN
UZ,UZ-BU,Buxoro,BU
UZ,UZ-FA,Farg‘ona,FA
UZ,UZ-JI,Jizzax,JI
UZ,UZ-NG,Namangan,NG
UZ,UZ-NW,Navoiy,NW
UZ,UZ-QA,Qashqadaryo,QA
UZ,UZ-QR,Qoraqalpog‘iston Respublikasi,QR
UZ,UZ-SA,Samarqand,SA
UZ,UZ-SI,Sirdaryo,SI
UZ,UZ-SU,Surxondaryo,SU
UZ,UZ-TK,Toshkent City,TK
UZ,UZ-TO,Toshkent,TO
UZ,UZ-XO,Xorazm,XO
VA,VA-,Vatican City (Holy See),
VC,VC-,Saint Vincent and the Grenadines,
VC,VC-01,Charlotte,01
VC,VC-02,Saint Andrew,02
VC,VC-03,Saint David,03
VC,VC-04,Saint George,04
VC,VC-05,Saint Patrick,05
VC,VC-06,Grenadines,06
VE,VE-,Venezuela,
VE,VE-A,Distrito Capital,A
VE,VE-B,Anzoátegui,B
VE,VE-C,Apure,C
VE,VE-D,Aragua,D
VE,VE-E,Barinas,E
VE,VE-F,Bolívar,F
VE,VE-G,Carabobo,G
VE,VE-H,Cojedes,H
VE,VE-I,Falcón,I
VE,VE-J,Guárico,J
VE,VE-K,Lara,K
VE,VE-L,Mérida,L
VE,VE-M,Miranda,M
VE,VE-N,Monagas,N
VE,VE-O,Nueva Esparta,O
VE,VE-P,Portuguesa,P
VE,VE-R,Sucre,R
VE,VE-S,Táchira,S
VE,VE-T,Trujillo,T
VE,VE-U,Yaracuy,U
VE,VE-V,Zulia,V
VE,VE-W,Dependencias Federales,W
VE,VE-X,Vargas,X
VE,VE-Y,Delta Amacuro,Y
VE,VE-Z,Amazonas,Z
VG,VG-,Virgin Islands (British),
VI,VI-,Virgin Islands (U.S.),
VI,VI-SC,Saint Croix,SC
VI,VI-SJ,Saint John,SJ
VI,VI-ST,Saint Thomas,ST
VN,VN-,Vietnam,
VN,VN-01,Lai Chau,01
VN,VN-02,Lao Cai,02
VN,VN-03,Ha Giang,03
VN,VN-04,Cao Bang,04
VN,VN-05,Son La,05
VN,VN-06,Yen Bai,06
VN,VN-07,Tuyen Quang,07
VN,VN-09,Lang Son,09
VN,VN-13,Quang Ninh,13
VN,VN-14,Hoa Binh,14
VN,VN-15,Ha Tay,15
VN,VN-18,Ninh Binh,18
VN,VN-20,Thai Binh,20
VN,VN-21,Thanh Hoa,21
VN,VN-22,Nghe An,22
VN,VN-23,Ha Tinh,23
VN,VN-24,Quang Binh,24
VN,VN-25,Quang Tri,25
VN,VN-26,Thua Thien-Hue,26
VN,VN-27,Quang Nam,27
VN,VN-28,Kon Tum,28
VN,VN-29,Quang Ngai,29
VN,VN-30,Gia Lai,30
VN,VN-31,Binh Dinh,31
VN,VN-32,Phu Yen,32
VN,VN-33,Dak Lak,33
VN,VN-34,Khanh Hoa,34
VN,VN-35,Lam Dong,35
VN,VN-36,Ninh Thuan,36
VN,VN-37,Tay Ninh,37
VN,VN-39,Dong Nai,39
VN,VN-40,Binh Thuan,40
VN,VN-41,Long An,41
VN,VN-43,Ba Ria-Vung Tau,43
VN,VN-44,An Giang,44
VN,VN-45,Dong Thap,45
VN,VN-46,Tien Giang,46
VN,VN-47,Kien Giang,47
VN,VN-48,"Can Tho, thanh pho",48
VN,VN-49,Vinh Long,49
VN,VN-50,Ben Tre,50
VN,VN-51,Tra Vinh,51
VN,VN-52,Soc Trang,52
VN,VN-53,Bac Kan,53
VN,VN-54,Bac Giang,54
VN,VN-55,Bac Lieu,55
VN,VN-56,Bac Ninh,56
VN,VN-57,Binh Duong,57
VN,VN-58,Binh Phuoc,58
VN,VN-59,Ca Mau,59
VN,VN-60,"Da Nang, thanh pho",60
VN,VN-61,Hai Duong,61
VN,VN-62,"Hai Phong, thanh pho",62
VN,VN-63,Ha Nam,63
VN,VN-64,"Ha Noi, thanh pho",64
VN,VN-65,Sai Gon,65
VN,VN-66,Hung Yen,66
VN,VN-67,Nam Dinh,67
VN,VN-68,Phu Tho,68
VN,VN-69,Thai Nguyen,69
VN,VN-70,Vinh Phuc,70
VN,VN-71,Dien Bien,71
VN,VN-72,Dak Nong,72
VN,VN-73,Hau Giang,73
VU,VU-,Vanuatu,
VU,VU-MAP,Malampa,MAP
VU,VU-PAM,Pénama,PAM
VU,VU-SAM,Sanma,SAM
VU,VU-SEE,Shéfa,SEE
VU,VU-TAE,Taféa,TAE
VU,VU-TOB,Torba,TOB
WF,WF-,Wallis and Futuna,
WS,WS-,Samoa,
WS,WS-AA,A'ana,AA
WS,WS-AL,Aiga-i-le-Tai,AL
WS,WS-AT,Atua,AT
WS,WS-FA,Fa'asaleleaga,FA
WS,WS-GE,Gaga'emauga,GE
WS,WS-GI,Gagaifomauga,GI
WS,WS-PA,Palauli,PA
WS,WS-SA,Satupa'itea,SA
WS,WS-TU,Tuamasaga,TU
WS,WS-VF,Va'a-o-Fonoti,VF
WS,WS-VS,Vaisigano,VS
XK,XK-,Kosovo,
XX,XX-,High Seas,
YE,YE-,Yemen,
YE,YE-AB,Abyan,AB
YE,YE-AD,'Adan,AD
YE,YE-AM,'Amran,AM
YE,YE-BA,Al Bayda',BA
YE,YE-DA,Ad¸ D¸ali',DA
YE,YE-DH,Dhamar,DH
YE,YE-HD,Hadramawt,HD
YE,YE-HJ,Hajjah,HJ
YE,YE-HU,Al Hudaydah,HU
YE,YE-IB,Ibb,IB
YE,YE-JA,Al Jawf,JA
YE,YE-LA,Lahij,LA
YE,YE-MA,Ma'rib,MA
YE,YE-MR,Al Mahrah,MR
YE,YE-MW,Al Mahwit,MW
YE,YE-SA,San‘a’ [city],SA
YE,YE-SD,Sa'dah,SD
YE,YE-SH,Shabwah,SH
YE,YE-SN,San'a',SN
YE,YE-TA,Ta'izz,TA
YT,YT-,Mayotte,
ZA,ZA-,South Africa,
ZA,ZA-EC,Eastern Cape,EC
ZA,ZA-FS,Free State,FS
ZA,ZA-GT,Gauteng,GT
ZA,ZA-LP,Limpopo,LP
ZA,ZA-MP,Mpumalanga,MP
ZA,ZA-NC,Northern Cape,NC
ZA,ZA-NL,Kwazulu-Natal,NL
ZA,ZA-NW,North-West,NW
ZA,ZA-WC,Western Cape,WC
ZM,ZM-,Zambia,
ZM,ZM-01,Western,01
ZM,ZM-02,Central,02
ZM,ZM-03,Eastern,03
ZM,ZM-04,Luapula,04
ZM,ZM-05,Northern,05
ZM,ZM-06,North-Western,06
ZM,ZM-07,Southern,07
ZM,ZM-08,Copperbelt,08
ZM,ZM-09,Lusaka,09
ZW,ZW-,Zimbabwe,
ZW,ZW-BU,Bulawayo,BU
ZW,ZW-HA,Harare,HA
ZW,ZW-MA,Manicaland,MA
ZW,ZW-MC,Mashonaland Central,MC
ZW,ZW-ME,Mashonaland East,ME
ZW,ZW-MI,Midlands,MI
ZW,ZW-MN,Matabeleland North,MN
ZW,ZW-MS,Matabeleland South,MS
ZW,ZW-MV,Masvingo,MV
ZW,ZW-MW,Mashonaland West,MW
